Price source,Price date,Hardware model,Manufacturer,Vendor,Location,Price per chip-hour (on-demand),Price per chip-hour (1-year CUD),Price per chip-hour (3-year CUD),Price (hardware purchase),Notes,Cloud GPU description,Number of GPUs
https://www.techpowerup.com/gpu-specs/geforce-gtx-580.c270,2010-11-09,NVIDIA GeForce GTX 580,NVIDIA,,,,,,499.00,Single-unit release price,,1
https://archive.ph/72nwz#selection-1127.52-1127.57,2011-07-25,NVIDIA Tesla C2050,NVIDIA,,,,,,2499.00,Launch price,,
https://www.nextplatform.com/2022/05/09/how-much-of-a-premium-will-nvidia-charge-for-hopper-gpus/,2012-07-01,NVIDIA Tesla K40s,NVIDIA,,,,,,5400.00,Single-unit release price,,1
https://archive.ph/Jxl43,2012-11-12,NVIDIA Tesla K20X,NVIDIA,,,,,,7699.00,launch price,,
https://www.techpowerup.com/gpu-specs/geforce-gtx-titan.c1996,2013-02-19,NVIDIA GeForce GTX TITAN,NVIDIA,,,,,,999.00,Single-unit release price,,1
https://www.techpowerup.com/gpu-specs/tesla-k40s.c2528,2013-11-22,NVIDIA Tesla K40s,NVIDIA,,,,,,7699.00,Single-unit release price,,1
https://www.techpowerup.com/gpu-specs/geforce-gtx-titan-black.c2549,2014-02-18,NVIDIA GeForce GTX TITAN BLACK,NVIDIA,,,,,,999.00,Single-unit release price,,1
https://www.nextplatform.com/2022/05/09/how-much-of-a-premium-will-nvidia-charge-for-hopper-gpus/,2014-07-01,NVIDIA Tesla K40s,NVIDIA,,,,,,4200.00,Single-unit list price,,1
https://archive.ph/88dVB,2014-10-16,Intel Xeon Phi 31S1P,Intel,,,,,,1695.00,This was the price immediately before they started a sale,,
https://www.anandtech.com/show/8729/nvidia-launches-tesla-k80-gk210-gpu,2014-11-17,NVIDIA Tesla K80,NVIDIA,,,,,,5000.00,Single-unit release price,,1
https://www.techpowerup.com/gpu-specs/geforce-gtx-titan-x.c2632,2015-03-17,NVIDIA GeForce GTX TITAN X,NVIDIA,,,,,,999.00,Single-unit release price,,1
https://arxiv.org/pdf/2405.21015,2015-05-15,Google TPU v1,Google,,,,,,5463.00,"Estimated TPU purchase price based on geometric mean of TPU manufacturing cost and price of equivalent GPU. Page 14, table 3.",,
https://www.techpowerup.com/gpu-specs/tesla-p100-pcie-16-gb.c2888,2016-06-20,NVIDIA Tesla P100 PCIe 16GB,NVIDIA,,,,,,5699.00,Single-unit release price,,1
https://web.archive.org/web/20160621002700/https://www.microway.com/preconfiguredsystems/nvidia-dgx-1-deep-learning-system/,2016-06-21,NVIDIA Tesla P100 PCIe 16GB,NVIDIA,,,,,,16125.00,"DGX-1, 8 GPU, 128GB",,8
https://www.nextplatform.com/2022/05/09/how-much-of-a-premium-will-nvidia-charge-for-hopper-gpus/,2016-07-01,NVIDIA Tesla K40s,NVIDIA,,,,,,2900.00,Single-unit list price,,1
https://www.nextplatform.com/2022/05/09/how-much-of-a-premium-will-nvidia-charge-for-hopper-gpus/,2016-07-01,NVIDIA Tesla K80,NVIDIA,,,,,,3700.00,Single-unit list price,,1
https://www.nextplatform.com/2022/05/09/how-much-of-a-premium-will-nvidia-charge-for-hopper-gpus/,2016-07-01,NVIDIA Tesla P100 PCIe 16GB,NVIDIA,,,,,,5500.00,Single-unit list price,,1
https://www.nextplatform.com/2022/05/09/how-much-of-a-premium-will-nvidia-charge-for-hopper-gpus/,2016-07-01,NVIDIA Tesla P100 SXM2,NVIDIA,,,,,,10500.00,Single-unit list price,,1
https://web.archive.org/web/20170210084643/https://aws.amazon.com/ec2/instance-types/p2/,2017-02-10,NVIDIA Tesla K80,NVIDIA,Amazon Web Services,US East (Northern Virginia),0.90,,0.43,,,,
https://web.archive.org/web/20170221212008/https://cloud.google.com/compute/pricing,2017-02-21,NVIDIA Tesla K80,NVIDIA,Google Cloud,US,1.40,,,,,,
https://web.archive.org/web/20170304211331/https://cloud.google.com/compute/pricing,2017-03-04,NVIDIA Tesla K80,NVIDIA,Google Cloud,US,1.40,,,,,,
https://web.archive.org/web/20170312174101/https://www.microway.com/preconfiguredsystems/nvidia-dgx-1-deep-learning-system/,2017-03-12,NVIDIA Tesla P100 PCIe 16GB,NVIDIA,,,,,,18543.75,"DGX-1, 8 GPU, 128GB",,8
https://arxiv.org/pdf/2405.21015,2017-05-01,Google TPU v2,Google,,,,,,5054.00,"Estimated TPU purchase price based on geometric mean of TPU manufacturing cost and price of equivalent GPU. Page 14, table 3.",,
https://web.archive.org/web/20170523014320/https://cloud.google.com/compute/pricing,2017-05-23,NVIDIA Tesla K80,NVIDIA,Google Cloud,Oregon,1.40,,,,,,
https://web.archive.org/web/20170530015929/https://aws.amazon.com/ec2/instance-types/p2/,2017-05-30,NVIDIA Tesla K80,NVIDIA,Amazon Web Services,US East (Northern Virginia),0.90,,0.43,,,,
https://web.archive.org/web/20170513081017/https://wccftech.com/nvidia-volta-tesla-v100-dgx-1-hgx-1-supercomputers/,2017-07-01,NVIDIA V100,NVIDIA,,,,,,18625.00,"Price at release (2017 Q3) for a DGX-1 with 8x V100 GPUs was $149,000. Dividing by 8, the price per GPU is $18,625 including interconnect hardware.",,8
https://web.archive.org/web/20170513081017/https://wccftech.com/nvidia-volta-tesla-v100-dgx-1-hgx-1-supercomputers/,2017-07-01,NVIDIA V100,NVIDIA,,,,,,17250.00,"Price at release (2017 Q3) for a DGXS with 4x V100 GPUs was $69,000. Dividing by 4, the price per GPU is $17250 including interconnect hardware.",,4
https://web.archive.org/web/20171114190230/https://cloud.google.com/compute/pricing,2017-11-14,NVIDIA P100,NVIDIA,Google Cloud,Oregon,2.30,,,,,,
https://web.archive.org/web/20171201173231/https://cloud.google.com/compute/pricing,2017-12-01,NVIDIA P100,NVIDIA,Google Cloud,Oregon,1.46,,,,,,
https://web.archive.org/web/20190118082125/https://www.microway.com/hpc-tech-tips/nvidia-tesla-v100-price-analysis/,2018-05-08,NVIDIA Tesla V100 SXM2 16 GB,NVIDIA,,,,,,10664.00,Single-unit list price,,1
https://web.archive.org/web/20190118082125/https://www.microway.com/hpc-tech-tips/nvidia-tesla-v100-price-analysis/,2018-05-08,NVIDIA Tesla V100 PCIe 16 GB,NVIDIA,,,,,,10664.00,Single-unit list price,,1
https://web.archive.org/web/20190118082125/https://www.microway.com/hpc-tech-tips/nvidia-tesla-v100-price-analysis/,2018-05-08,NVIDIA Tesla V100 SXM2 32 GB,NVIDIA,,,,,,11458.00,Single-unit list price,,1
https://web.archive.org/web/20190118082125/https://www.microway.com/hpc-tech-tips/nvidia-tesla-v100-price-analysis/,2018-05-08,NVIDIA Tesla V100 SXM2 32 GB,NVIDIA,,,,,,11458.00,Single-unit list price,,1
https://arxiv.org/pdf/2405.21015,2018-05-18,Google TPU v3,Google,,,,,,5276.00,"Estimated TPU purchase price based on geometric mean of TPU manufacturing cost and price of equivalent GPU. Page 14, table 3.",,
https://web.archive.org/web/20180608204946/https://aws.amazon.com/ec2/instance-types/p3/,2018-06-08,NVIDIA Tesla V100 DGXS 16 GB,NVIDIA,Amazon Web Services,US East (Northern Virginia),3.06,1.99,1.23,,,,
https://www.nextplatform.com/2022/05/09/how-much-of-a-premium-will-nvidia-charge-for-hopper-gpus/,2018-07-01,NVIDIA Tesla K40s,NVIDIA,,,,,,2300.00,Single-unit list price,,1
https://www.nextplatform.com/2022/05/09/how-much-of-a-premium-will-nvidia-charge-for-hopper-gpus/,2018-07-01,NVIDIA Tesla K80,NVIDIA,,,,,,2500.00,Single-unit list price,,1
https://www.nextplatform.com/2022/05/09/how-much-of-a-premium-will-nvidia-charge-for-hopper-gpus/,2018-07-01,NVIDIA Tesla P100 PCIe 16GB,NVIDIA,,,,,,5900.00,Single-unit list price,,1
https://www.nextplatform.com/2022/05/09/how-much-of-a-premium-will-nvidia-charge-for-hopper-gpus/,2018-07-01,NVIDIA Tesla V100 PCIe 32 GB,NVIDIA,,,,,,8500.00,Single-unit list price,,1
https://www.nextplatform.com/2022/05/09/how-much-of-a-premium-will-nvidia-charge-for-hopper-gpus/,2018-07-01,NVIDIA Tesla P100 SXM2,NVIDIA,,,,,,7400.00,Single-unit list price,,1
https://www.nextplatform.com/2022/05/09/how-much-of-a-premium-will-nvidia-charge-for-hopper-gpus/,2018-07-01,NVIDIA Tesla V100 SXM3 32 GB,NVIDIA,,,,,,11500.00,Single-unit list price,,1
https://web.archive.org/web/20181009102635/https://cloud.google.com/tpu/docs/pricing,2018-10-09,Google TPU v2,Google,Google Cloud,US,1.13,,,,,,
https://web.archive.org/web/20181011013513/https://cloud.google.com/tpu/docs/pricing,2018-10-11,Google TPU v3,Google,Google Cloud,US,2.00,,,,,,
https://web.archive.org/web/20181011013513/https://cloud.google.com/tpu/docs/pricing,2018-10-11,Google TPU v3,Google,Google Cloud,Europe,2.20,,,,,,
https://web.archive.org/web/20181230212002/https://azure.microsoft.com/en-us/pricing/details/virtual-machines/linux/,2018-12-30,NVIDIA V100,NVIDIA,Microsoft Azure,West US 2,3.06,1.95,1.16,,instance NC6 v3,,
https://web.archive.org/web/20181230212002/https://azure.microsoft.com/en-us/pricing/details/virtual-machines/linux/ copy,2018-12-30,NVIDIA P100,NVIDIA,Microsoft Azure,West US 2,2.07,1.32,0.92,,instance NC6 v2,,
https://web.archive.org/web/20181230212002/https://azure.microsoft.com/en-us/pricing/details/virtual-machines/linux/ copy copy,2018-12-30,NVIDIA Tesla K80,NVIDIA,Microsoft Azure,West US 2,0.90,0.57,0.40,,instance NC6,,
https://web.archive.org/web/20181230212002/https://azure.microsoft.com/en-us/pricing/details/virtual-machines/linux/ copy copy copy,2018-12-30,NVIDIA P40,NVIDIA,Microsoft Azure,West US 2,2.07,1.32,0.92,,instance ND6,,
https://web.archive.org/web/20190111090822/https://www.microway.com/preconfiguredsystems/nvidia-dgx-station-deep-learning-workstation/,2019-01-11,NVIDIA Tesla V100 DGXS 32 GB,NVIDIA,,,,,,18457.50,"DGX, 4 GPU, 128GB",,4
https://web.archive.org/web/20190111061033/https://www.microway.com/preconfiguredsystems/nvidia-dgx-1-deep-learning-system/,2019-01-11,NVIDIA Tesla V100 DGXS 32 GB,NVIDIA,,,,,,19928.75,"DGX-1, 8 GPU, 256GB",,8
https://web.archive.org/web/20190111101112/https://www.microway.com/preconfiguredsystems/nvidia-dgx-2/,2019-01-11,NVIDIA Tesla V100 DGXS 32 GB,NVIDIA,,,,,,26995.63,"DGX-2, 16 GPU, 512 GB",,16
https://web.archive.org/web/20190125133337/https://aws.amazon.com/ec2/instance-types/p3/,2019-01-25,NVIDIA Tesla V100 DGXS 32 GB,NVIDIA,Amazon Web Services,US East (Northern Virginia),3.90,2.29,1.21,,,,
https://web.archive.org/web/20190405111110/https://aws.amazon.com/ec2/instance-types/p3/,2019-04-05,NVIDIA Tesla V100 DGXS 32 GB,NVIDIA,Amazon Web Services,US East (Northern Virginia),3.90,2.29,1.21,,,,
https://web.archive.org/web/20190520073153/https://aws.amazon.com/ec2/instance-types/p3/,2019-05-20,NVIDIA Tesla V100 DGXS 32 GB,NVIDIA,Amazon Web Services,US East (Northern Virginia),3.90,2.29,1.21,,,,
https://web.archive.org/web/20190610092728/https://aws.amazon.com/ec2/instance-types/p3/,2019-06-10,NVIDIA Tesla V100 DGXS 32 GB,NVIDIA,Amazon Web Services,US East (Northern Virginia),3.90,2.29,1.21,,,,
https://web.archive.org/web/20190701021000/https://cloud.google.com/tpu/pricing,2019-07-01,Google TPU v3,Google,Google Cloud,Iowa (us-central1),2.00,1.26,0.90,,,,
https://web.archive.org/web/20190708105149/https://aws.amazon.com/ec2/instance-types/p3/,2019-07-08,NVIDIA Tesla V100 DGXS 32 GB,NVIDIA,Amazon Web Services,US East (Northern Virginia),3.90,2.29,1.21,,,,
https://web.archive.org/web/20190728061708/https://cloud.google.com/tpu/pricing,2019-07-28,Google TPU v3,Google,Google Cloud,Netherlands (europe-west4),2.00,1.26,0.90,,,,
https://web.archive.org/web/20190805130331/https://aws.amazon.com/ec2/instance-types/p3/,2019-08-05,NVIDIA Tesla V100 DGXS 32 GB,NVIDIA,Amazon Web Services,US East (Northern Virginia),3.90,2.29,1.21,,,,
https://web.archive.org/web/20190806220543/https://azure.microsoft.com/en-us/pricing/details/virtual-machines/linux/,2019-08-06,NVIDIA V100,NVIDIA,Microsoft Azure,East US,3.06,1.95,1.16,,,,
https://web.archive.org/web/20190826211015/https://cloud.google.com/compute/gpus-pricing,2019-08-26,NVIDIA P100,NVIDIA,Google Cloud,Iowa (us-central1),1.46,0.92,0.66,,,,
https://web.archive.org/web/20190831055832/https://cloud.google.com/tpu/pricing,2019-08-31,Google TPU v3,Google,Google Cloud,Netherlands (europe-west4),2.00,1.26,0.90,,,,
https://web.archive.org/web/20190922202958/https://azure.microsoft.com/en-us/pricing/details/virtual-machines/linux/,2019-09-22,NVIDIA V100,NVIDIA,Microsoft Azure,East US,3.06,1.95,1.16,,,,
https://web.archive.org/web/20191118032616/https://azure.microsoft.com/en-us/pricing/details/virtual-machines/linux/,2019-11-18,NVIDIA V100,NVIDIA,Microsoft Azure,East US,3.06,1.95,1.16,,,,
https://web.archive.org/web/20191226151615/https://cloud.google.com/tpu/pricing,2019-12-06,Google TPU v3,Google,Google Cloud,Iowa (us-central1),2.00,1.26,0.90,,,,
https://web.archive.org/web/20200212185125/https://azure.microsoft.com/en-us/pricing/details/virtual-machines/linux/,2020-02-12,NVIDIA V100,NVIDIA,Microsoft Azure,East US,3.06,1.95,1.16,,,,
https://web.archive.org/web/20200309095635/https://azure.microsoft.com/en-us/pricing/details/virtual-machines/linux/,2020-03-09,NVIDIA V100,NVIDIA,Microsoft Azure,East US,3.06,1.95,1.16,, NC6s v3 ,,
https://web.archive.org/web/20200309095635/https://azure.microsoft.com/en-us/pricing/details/virtual-machines/linux/ copy,2020-03-09,NVIDIA V100,NVIDIA,Microsoft Azure,East US,2.75,,,,ND40rs v2 ,,
https://web.archive.org/web/20200521074015/https://nvidianews.nvidia.com/news/nvidia-ships-worlds-most-advanced-ai-system-nvidia-dgx-a100-to-fight-covid-19-third-generation-dgx-packs-record-5-petaflops-of-ai-performance,2020-05-21,NVIDIA A100 SXM4 40 GB,NVIDIA,,,,,,24875.00,"DGX A100, 8 GPU, 320GB. Release price.",,8
https://archive.ph/XS4zz,2020-06-09,Cerebras CS-1,Cerebras,,,,,,2250000.00,"Pittsburgh Supercomputing Center bought two for $5 million. Earlier in the article it lists the price as ""$2 million +"". I'm taking the average to get $2.25 million",,
https://www.nextplatform.com/2022/05/09/how-much-of-a-premium-will-nvidia-charge-for-hopper-gpus/,2020-07-01,NVIDIA Tesla K40s,NVIDIA,,,,,,540.00,Single-unit list price,,1
https://www.nextplatform.com/2022/05/09/how-much-of-a-premium-will-nvidia-charge-for-hopper-gpus/,2020-07-01,NVIDIA Tesla K80,NVIDIA,,,,,,940.00,Single-unit list price,,1
https://www.nextplatform.com/2022/05/09/how-much-of-a-premium-will-nvidia-charge-for-hopper-gpus/,2020-07-01,NVIDIA Tesla P100 PCIe 16GB,NVIDIA,,,,,,3500.00,Single-unit list price,,1
https://www.nextplatform.com/2022/05/09/how-much-of-a-premium-will-nvidia-charge-for-hopper-gpus/,2020-07-01,NVIDIA Tesla V100 PCIe 32 GB,NVIDIA,,,,,,10500.00,Single-unit list price,,1
https://www.nextplatform.com/2022/05/09/how-much-of-a-premium-will-nvidia-charge-for-hopper-gpus/,2020-07-01,NVIDIA A100 PCIe,NVIDIA,,,,,,15000.00,Single-unit list price,,1
https://www.nextplatform.com/2022/05/09/how-much-of-a-premium-will-nvidia-charge-for-hopper-gpus/,2020-07-01,NVIDIA Tesla P100 SXM2,NVIDIA,,,,,,4400.00,Single-unit list price,,1
https://www.nextplatform.com/2022/05/09/how-much-of-a-premium-will-nvidia-charge-for-hopper-gpus/,2020-07-01,NVIDIA Tesla V100 SXM3 32 GB,NVIDIA,,,,,,13700.00,Single-unit list price,,1
https://www.nextplatform.com/2022/05/09/how-much-of-a-premium-will-nvidia-charge-for-hopper-gpus/,2020-07-01,NVIDIA A100 SXM4 40 GB,NVIDIA,,,,,,15000.00,Single-unit list price,,1
https://web.archive.org/web/20201202160025/https://cloud.google.com/tpu/pricing,2020-12-02,Google TPU v3,Google,Google Cloud,Iowa (us-central1),2.00,1.26,0.90,,,,
https://web.archive.org/web/20210307231531/https://cloud.google.com/tpu/pricing,2021-03-07,Google TPU v3,Google,Google Cloud,Iowa (us-central1),2.00,1.26,0.90,,,,
https://web.archive.org/web/20210411041826/https://azure.microsoft.com/en-us/pricing/details/virtual-machines/linux/,2021-04-11,NVIDIA A100,NVIDIA,Microsoft Azure,East US,3.40,2.40,1.44,,,,
https://arxiv.org/pdf/2405.21015,2021-05-20,Google TPU v4,Google,,,,,,5176.00,"Estimated TPU purchase price based on geometric mean of TPU manufacturing cost and price of equivalent GPU. Page 14, table 3.",,
https://web.archive.org/web/20210615052658/https://aws.amazon.com/ec2/instance-types/p4/,2021-06-15,NVIDIA A100,NVIDIA,Amazon Web Services,US East (Northern Virginia),4.10,2.40,1.45,,p4d.24xlarge,,
https://web.archive.org/web/20210615231408/https://azure.microsoft.com/en-us/pricing/details/virtual-machines/linux/,2021-06-15,NVIDIA A100,NVIDIA,Microsoft Azure,West US 2,3.40,2.35,1.36,,instance ND96asr A100 v4 ,,
https://web.archive.org/web/20210630170623/https://www.graphcore.ai/posts/raising-the-bar-graphcores-first-mlperf-results,2021-06-30,NVIDIA A100 SXM4 80 GB,NVIDIA,,,,,,37500.00,"DGX A100, 8 GPU, 640GB",,8
https://web.archive.org/web/20210716090503/https://azure.microsoft.com/en-us/pricing/details/virtual-machines/linux/,2021-07-16,NVIDIA A100,NVIDIA,Microsoft Azure,East US,3.40,2.35,1.36,,,,
https://web.archive.org/web/20210813114749/https://azure.microsoft.com/en-us/pricing/details/virtual-machines/linux/,2021-08-13,NVIDIA A100,NVIDIA,Microsoft Azure,East US,3.40,2.35,1.36,,,,
https://web.archive.org/web/20211008140911/https://cloud.google.com/tpu/pricing,2021-10-08,Google TPU v3,Google,Google Cloud,Iowa (us-central1),2.00,1.26,0.90,,,,
https://web.archive.org/web/20211104020654/https://aws.amazon.com/ec2/instance-types/p4/,2021-11-04,NVIDIA A100 SXM4 40 GB,NVIDIA,Amazon Web Services,US East (Northern Virginia),4.10,2.40,1.45,,,,
https://web.archive.org/web/20211117224813/https://cloud.google.com/tpu/pricing,2021-11-17,Google TPU v3,Google,Google Cloud,Iowa (us-central1),2.00,1.26,0.90,,,,
https://web.archive.org/web/20220120191032/https://www.dihuni.com/product/dgx-a100-comparable-dihuni-optiready-ai-a100-sxm4-8nve-8-x-ampere-a100-sxm4-nvlink-epyc-deep-learning-server/,2022-01-20,NVIDIA A100 SXM4 80 GB,NVIDIA,,,,,,20875.00,"DGX A100, 8 GPU, 640GB",,8
https://web.archive.org/web/20220120172902/https://azure.microsoft.com/en-us/pricing/details/virtual-machines/linux/,2022-01-20,NVIDIA A100,NVIDIA,Microsoft Azure,West US 2,3.40,2.35,1.36,,instance ND96asr A100 v4 ,,
https://web.archive.org/web/20220125025352/https://aws.amazon.com/ec2/instance-types/p4/,2022-01-25,NVIDIA A100 SXM4 40 GB,NVIDIA,Amazon Web Services,US East (Northern Virginia),4.10,2.40,1.45,,,,
https://web.archive.org/web/20220226224704/https://aws.amazon.com/ec2/instance-types/p4/,2022-02-26,NVIDIA A100 SXM4 40 GB,NVIDIA,Amazon Web Services,US East (Northern Virginia),4.10,2.40,1.45,,,,
https://web.archive.org/web/20220317020602/https://azure.microsoft.com/en-us/pricing/details/virtual-machines/linux/ copy,2022-03-17,NVIDIA A100 PCIe,NVIDIA,Microsoft Azure,West US 2,3.67,,,,instance NC24ads A100 v4,,
https://web.archive.org/web/20220415025353/https://azure.microsoft.com/en-us/pricing/details/virtual-machines/linux/,2022-04-15,NVIDIA A100 SXM4 80 GB,NVIDIA,Microsoft Azure,East US,4.10,2.62,1.80,,,,
https://web.archive.org/web/20220511211849/https://cloud.google.com/tpu/pricing,2022-05-11,Google TPU v4,Google,Google Cloud,us-central2-b,3.22,2.03,1.45,,,,
https://web.archive.org/web/20220526141119/https://azure.microsoft.com/en-us/pricing/details/virtual-machines/linux/#pricing,2022-05-26,NVIDIA A100 PCIe,NVIDIA,Microsoft Azure,West US 2,3.67,,,,instance NC24ads A100 v4,,
https://web.archive.org/web/20220530173526/https://azure.microsoft.com/en-us/pricing/details/virtual-machines/linux/,2022-05-30,NVIDIA A100 SXM4 80 GB,NVIDIA,Microsoft Azure,East US,4.10,2.62,1.80,,,,
https://www.nextplatform.com/2022/05/09/how-much-of-a-premium-will-nvidia-charge-for-hopper-gpus/,2022-07-01,NVIDIA Tesla K40s,NVIDIA,,,,,,290.00,Single-unit list price,,1
https://www.nextplatform.com/2022/05/09/how-much-of-a-premium-will-nvidia-charge-for-hopper-gpus/,2022-07-01,NVIDIA Tesla K80,NVIDIA,,,,,,435.00,Single-unit list price,,1
https://www.nextplatform.com/2022/05/09/how-much-of-a-premium-will-nvidia-charge-for-hopper-gpus/,2022-07-01,NVIDIA Tesla P100 PCIe 16GB,NVIDIA,,,,,,2200.00,Single-unit list price,,1
https://www.nextplatform.com/2022/05/09/how-much-of-a-premium-will-nvidia-charge-for-hopper-gpus/,2022-07-01,NVIDIA Tesla V100 PCIe 32 GB,NVIDIA,,,,,,7500.00,Single-unit list price,,1
https://www.nextplatform.com/2022/05/09/how-much-of-a-premium-will-nvidia-charge-for-hopper-gpus/,2022-07-01,NVIDIA A100 PCIe,NVIDIA,,,,,,12500.00,Single-unit list price,,1
https://www.nextplatform.com/2022/05/09/how-much-of-a-premium-will-nvidia-charge-for-hopper-gpus/,2022-07-01,NVIDIA Tesla P100 SXM2,NVIDIA,,,,,,1100.00,Single-unit list price,,1
https://www.nextplatform.com/2022/05/09/how-much-of-a-premium-will-nvidia-charge-for-hopper-gpus/,2022-07-01,NVIDIA Tesla V100 SXM3 32 GB,NVIDIA,,,,,,2500.00,Single-unit list price,,1
https://www.nextplatform.com/2022/05/09/how-much-of-a-premium-will-nvidia-charge-for-hopper-gpus/,2022-07-01,NVIDIA A100 SXM4 40 GB,NVIDIA,,,,,,12500.00,Single-unit list price,,1
https://web.archive.org/web/20220728203654/https://azure.microsoft.com/en-us/pricing/details/virtual-machines/linux/#pricing,2022-07-28,NVIDIA A100 PCIe,NVIDIA,Microsoft Azure,East US,3.67,2.40,1.36,,instance NC24ads A100 v4,,
https://github.com/the-full-stack/website/blob/main/docs/cloud-gpus/cloud-gpus.csv,2022-08-04,NVIDIA Tesla P4,NVIDIA,Microsoft Azure,,2.07,,,,NC6s v2,P100 (16 GB),1
https://github.com/the-full-stack/website/blob/main/docs/cloud-gpus/cloud-gpus.csv,2022-08-04,NVIDIA Tesla T4,NVIDIA,Microsoft Azure,,0.75,,,,NC8as T4 v3,T4 (16 GB),1
https://github.com/the-full-stack/website/blob/main/docs/cloud-gpus/cloud-gpus.csv,2022-08-04,NVIDIA Tesla V100 DGXS 32 GB,NVIDIA,Amazon Web Services,,3.90,,,,p3dn.24xlarge,V100 (32 GB),8
https://github.com/the-full-stack/website/blob/main/docs/cloud-gpus/cloud-gpus.csv,2022-08-04,NVIDIA A100 SXM4 40 GB,NVIDIA,Lambda Labs,,1.10,,,,,A100 (40 GB),1
https://github.com/the-full-stack/website/blob/main/docs/cloud-gpus/cloud-gpus.csv,2022-08-04,NVIDIA Tesla K80,NVIDIA,Google Cloud,,0.92,,,,n1-highmem-8,K80 (12 GB),1
https://github.com/the-full-stack/website/blob/main/docs/cloud-gpus/cloud-gpus.csv,2022-08-04,NVIDIA Tesla P4,NVIDIA,Microsoft Azure,,2.07,,,,NC12s v2,P100 (16 GB),2
https://github.com/the-full-stack/website/blob/main/docs/cloud-gpus/cloud-gpus.csv,2022-08-04,NVIDIA Tesla V100 DGXS 16 GB,NVIDIA,Amazon Web Services,,3.06,,,,p3.16xlarge,V100 (16 GB),8
https://github.com/the-full-stack/website/blob/main/docs/cloud-gpus/cloud-gpus.csv,2022-08-04,NVIDIA Tesla V100 DGXS 16 GB,NVIDIA,Paperspace,,2.30,,,,,V100 (16 GB),1
https://github.com/the-full-stack/website/blob/main/docs/cloud-gpus/cloud-gpus.csv,2022-08-04,NVIDIA Tesla K80,NVIDIA,Google Cloud,,0.92,,,,n1-highmem-32,K80 (12 GB),4
https://github.com/the-full-stack/website/blob/main/docs/cloud-gpus/cloud-gpus.csv,2022-08-04,NVIDIA Tesla T4,NVIDIA,Microsoft Azure,,0.53,,,,NC4as T4 v3,T4 (16 GB),1
https://github.com/the-full-stack/website/blob/main/docs/cloud-gpus/cloud-gpus.csv,2022-08-04,NVIDIA A100 SXM4 40 GB,NVIDIA,Amazon Web Services,,4.10,,,,p4d.24xlarge,A100 (40 GB),8
https://github.com/the-full-stack/website/blob/main/docs/cloud-gpus/cloud-gpus.csv,2022-08-04,NVIDIA A100 SXM4 80 GB,NVIDIA,Paperspace,,3.18,,,,,A100 (80 GB),4
https://github.com/the-full-stack/website/blob/main/docs/cloud-gpus/cloud-gpus.csv,2022-08-04,NVIDIA A100 SXM4 40 GB,NVIDIA,Lambda Labs,,1.10,,,,,A100 (40 GB),2
https://github.com/the-full-stack/website/blob/main/docs/cloud-gpus/cloud-gpus.csv,2022-08-04,NVIDIA A100 SXM4 80 GB,NVIDIA,Amazon Web Services,,5.12,,,,p4de.24xlarge,A100 (80 GB),8
https://github.com/the-full-stack/website/blob/main/docs/cloud-gpus/cloud-gpus.csv,2022-08-04,NVIDIA A100 SXM4 40 GB,NVIDIA,Paperspace,,3.09,,,,,A100 (40 GB),4
https://github.com/the-full-stack/website/blob/main/docs/cloud-gpus/cloud-gpus.csv,2022-08-04,NVIDIA A100 SXM4 40 GB,NVIDIA,Google Cloud,,3.67,,,,a2-highgpu-8g,A100 (40 GB),8
https://github.com/the-full-stack/website/blob/main/docs/cloud-gpus/cloud-gpus.csv,2022-08-04,NVIDIA Tesla T4,NVIDIA,Microsoft Azure,,1.20,,,,NC16as T4 v3,T4 (16 GB),1
https://github.com/the-full-stack/website/blob/main/docs/cloud-gpus/cloud-gpus.csv,2022-08-04,NVIDIA A100 SXM4 80 GB,NVIDIA,Microsoft Azure,,3.67,,,,NC96ads A100 v4,A100 (80 GB),4
https://github.com/the-full-stack/website/blob/main/docs/cloud-gpus/cloud-gpus.csv,2022-08-04,NVIDIA A100 SXM4 40 GB,NVIDIA,Paperspace,,3.09,,,,,A100 (40 GB),8
https://github.com/the-full-stack/website/blob/main/docs/cloud-gpus/cloud-gpus.csv,2022-08-04,NVIDIA Tesla V100 DGXS 16 GB,NVIDIA,Lambda Labs,,0.55,,,,,V100 (16 GB),8
https://github.com/the-full-stack/website/blob/main/docs/cloud-gpus/cloud-gpus.csv,2022-08-04,NVIDIA A100 SXM4 80 GB,NVIDIA,Paperspace,,3.18,,,,,A100 (80 GB),1
https://github.com/the-full-stack/website/blob/main/docs/cloud-gpus/cloud-gpus.csv,2022-08-04,NVIDIA Tesla K80,NVIDIA,Amazon Web Services,,0.90,,,,p2.xlarge,K80 (12 GB),1
https://github.com/the-full-stack/website/blob/main/docs/cloud-gpus/cloud-gpus.csv,2022-08-04,NVIDIA RTX A6000,NVIDIA,Lambda Labs,,0.80,,,,,A6000 (48 GB),2
https://github.com/the-full-stack/website/blob/main/docs/cloud-gpus/cloud-gpus.csv,2022-08-04,NVIDIA Tesla T4,NVIDIA,Google Cloud,,0.82,,,,n1-highmem-8,T4 (16 GB),1
https://github.com/the-full-stack/website/blob/main/docs/cloud-gpus/cloud-gpus.csv,2022-08-04,NVIDIA Tesla P4,NVIDIA,Google Cloud,,0.84,,,,n1-highmem-4,P4 (8 GB),1
https://github.com/the-full-stack/website/blob/main/docs/cloud-gpus/cloud-gpus.csv,2022-08-04,NVIDIA A100 SXM4 40 GB,NVIDIA,Google Cloud,,3.67,,,,a2-highgpu-1g,A100 (40 GB),1
https://github.com/the-full-stack/website/blob/main/docs/cloud-gpus/cloud-gpus.csv,2022-08-04,NVIDIA Tesla K80,NVIDIA,Amazon Web Services,,0.90,,,,p2.8xlarge,K80 (12 GB),8
https://github.com/the-full-stack/website/blob/main/docs/cloud-gpus/cloud-gpus.csv,2022-08-04,NVIDIA Tesla V100 DGXS 32 GB,NVIDIA,Paperspace,,2.30,,,,,V100 (32 GB),4
https://github.com/the-full-stack/website/blob/main/docs/cloud-gpus/cloud-gpus.csv,2022-08-04,NVIDIA A100 SXM4 80 GB,NVIDIA,Paperspace,,3.18,,,,,A100 (80 GB),2
https://github.com/the-full-stack/website/blob/main/docs/cloud-gpus/cloud-gpus.csv,2022-08-04,NVIDIA Tesla K80,NVIDIA,Amazon Web Services,,0.90,,,,p2.16xlarge,K80 (12 GB),16
https://github.com/the-full-stack/website/blob/main/docs/cloud-gpus/cloud-gpus.csv,2022-08-04,NVIDIA Tesla V100 DGXS 16 GB,NVIDIA,Google Cloud,,2.95,,,,n1-highmem-8,V100 (16 GB),1
https://github.com/the-full-stack/website/blob/main/docs/cloud-gpus/cloud-gpus.csv,2022-08-04,NVIDIA A100 SXM4 40 GB,NVIDIA,Google Cloud,,3.67,,,,a2-highgpu-2g,A100 (40 GB),2
https://github.com/the-full-stack/website/blob/main/docs/cloud-gpus/cloud-gpus.csv,2022-08-04,NVIDIA Tesla T4,NVIDIA,Google Cloud,,0.82,,,,n1-highmem-32,T4 (16 GB),4
https://github.com/the-full-stack/website/blob/main/docs/cloud-gpus/cloud-gpus.csv,2022-08-04,NVIDIA Tesla V100 DGXS 16 GB,NVIDIA,Amazon Web Services,,3.06,,,,p3.2xlarge,V100 (16 GB),1
https://github.com/the-full-stack/website/blob/main/docs/cloud-gpus/cloud-gpus.csv,2022-08-04,NVIDIA RTX A6000,NVIDIA,Paperspace,,1.89,,,,,A6000 (48 GB),1
https://github.com/the-full-stack/website/blob/main/docs/cloud-gpus/cloud-gpus.csv,2022-08-04,NVIDIA A100 SXM4 40 GB,NVIDIA,Paperspace,,3.09,,,,,A100 (40 GB),2
https://github.com/the-full-stack/website/blob/main/docs/cloud-gpus/cloud-gpus.csv,2022-08-04,NVIDIA Tesla P4,NVIDIA,Google Cloud,,1.93,,,,n1-highmem-8,P100 (16 GB),1
https://github.com/the-full-stack/website/blob/main/docs/cloud-gpus/cloud-gpus.csv,2022-08-04,NVIDIA RTX A6000,NVIDIA,Lambda Labs,,0.80,,,,,A6000 (48 GB),1
https://github.com/the-full-stack/website/blob/main/docs/cloud-gpus/cloud-gpus.csv,2022-08-04,NVIDIA RTX A6000,NVIDIA,Lambda Labs,,0.80,,,,,A6000 (48 GB),4
https://github.com/the-full-stack/website/blob/main/docs/cloud-gpus/cloud-gpus.csv,2022-08-04,NVIDIA Tesla V100 DGXS 16 GB,NVIDIA,Google Cloud,,2.95,,,,n1-highmem-16,V100 (16 GB),2
https://github.com/the-full-stack/website/blob/main/docs/cloud-gpus/cloud-gpus.csv,2022-08-04,NVIDIA A100 SXM4 40 GB,NVIDIA,Paperspace,,3.09,,,,,A100 (40 GB),1
https://github.com/the-full-stack/website/blob/main/docs/cloud-gpus/cloud-gpus.csv,2022-08-04,NVIDIA Tesla V100 DGXS 16 GB,NVIDIA,Microsoft Azure,,3.06,,,,NC6s v3,V100 (16 GB),1
https://github.com/the-full-stack/website/blob/main/docs/cloud-gpus/cloud-gpus.csv,2022-08-04,NVIDIA A100 SXM4 80 GB,NVIDIA,Microsoft Azure,,3.67,,,,NC48ads A100 v4,A100 (80 GB),2
https://github.com/the-full-stack/website/blob/main/docs/cloud-gpus/cloud-gpus.csv,2022-08-04,NVIDIA Tesla K80,NVIDIA,Google Cloud,,0.92,,,,n1-highmem-16,K80 (12 GB),2
https://github.com/the-full-stack/website/blob/main/docs/cloud-gpus/cloud-gpus.csv,2022-08-04,NVIDIA Tesla T4,NVIDIA,Microsoft Azure,,1.09,,,,NC64as T4 v3,T4 (16 GB),4
https://github.com/the-full-stack/website/blob/main/docs/cloud-gpus/cloud-gpus.csv,2022-08-04,NVIDIA Tesla P4,NVIDIA,Google Cloud,,1.93,,,,n1-highmem-32,P100 (16 GB),4
https://github.com/the-full-stack/website/blob/main/docs/cloud-gpus/cloud-gpus.csv,2022-08-04,NVIDIA Tesla K80,NVIDIA,Microsoft Azure,,0.90,,,,NC12,K80 (12 GB),2
https://github.com/the-full-stack/website/blob/main/docs/cloud-gpus/cloud-gpus.csv,2022-08-04,NVIDIA Tesla K80,NVIDIA,Google Cloud,,0.92,,,,n1-highmem-64,K80 (12 GB),8
https://github.com/the-full-stack/website/blob/main/docs/cloud-gpus/cloud-gpus.csv,2022-08-04,NVIDIA Tesla P4,NVIDIA,Google Cloud,,0.84,,,,n1-highmem-8,P4 (8 GB),2
https://github.com/the-full-stack/website/blob/main/docs/cloud-gpus/cloud-gpus.csv,2022-08-04,NVIDIA A100 SXM4 80 GB,NVIDIA,Microsoft Azure,,4.64,,,,ND96amsr A100 v4,A100 (80 GB),8
https://github.com/the-full-stack/website/blob/main/docs/cloud-gpus/cloud-gpus.csv,2022-08-04,NVIDIA A100 SXM4 80 GB,NVIDIA,Microsoft Azure,,3.67,,,,NC24ads A100 v4,A100 (80 GB),1
https://github.com/the-full-stack/website/blob/main/docs/cloud-gpus/cloud-gpus.csv,2022-08-04,NVIDIA Tesla T4,NVIDIA,Google Cloud,,0.82,,,,n1-highmem-16,T4 (16 GB),2
https://github.com/the-full-stack/website/blob/main/docs/cloud-gpus/cloud-gpus.csv,2022-08-04,NVIDIA Tesla P4,NVIDIA,Google Cloud,,0.84,,,,n1-highmem-16,P4 (8 GB),4
https://github.com/the-full-stack/website/blob/main/docs/cloud-gpus/cloud-gpus.csv,2022-08-04,NVIDIA A100 SXM4 40 GB,NVIDIA,Google Cloud,,3.48,,,,a2-megagpu-16g,A100 (40 GB),16
https://github.com/the-full-stack/website/blob/main/docs/cloud-gpus/cloud-gpus.csv,2022-08-04,NVIDIA A100 SXM4 80 GB,NVIDIA,Paperspace,,3.18,,,,,A100 (80 GB),8
https://github.com/the-full-stack/website/blob/main/docs/cloud-gpus/cloud-gpus.csv,2022-08-04,NVIDIA Tesla K80,NVIDIA,Microsoft Azure,,0.90,,,,NC24,K80 (12 GB),4
https://github.com/the-full-stack/website/blob/main/docs/cloud-gpus/cloud-gpus.csv,2022-08-04,NVIDIA RTX A6000,NVIDIA,Paperspace,,1.89,,,,,A6000 (48 GB),2
https://github.com/the-full-stack/website/blob/main/docs/cloud-gpus/cloud-gpus.csv,2022-08-04,NVIDIA Tesla V100 DGXS 16 GB,NVIDIA,Google Cloud,,2.95,,,,n1-highmem-32,V100 (16 GB),4
https://github.com/the-full-stack/website/blob/main/docs/cloud-gpus/cloud-gpus.csv,2022-08-04,NVIDIA RTX A6000,NVIDIA,Paperspace,,1.89,,,,,A6000 (48 GB),4
https://github.com/the-full-stack/website/blob/main/docs/cloud-gpus/cloud-gpus.csv,2022-08-04,NVIDIA A100 SXM4 40 GB,NVIDIA,Google Cloud,,3.67,,,,a2-highgpu-4g,A100 (40 GB),4
https://github.com/the-full-stack/website/blob/main/docs/cloud-gpus/cloud-gpus.csv,2022-08-04,NVIDIA A100 SXM4 40 GB,NVIDIA,Lambda Labs,,1.10,,,,,A100 (40 GB),4
https://github.com/the-full-stack/website/blob/main/docs/cloud-gpus/cloud-gpus.csv,2022-08-04,NVIDIA Tesla V100 DGXS 16 GB,NVIDIA,Microsoft Azure,,3.06,,,,NC24s v3,V100 (16 GB),4
https://github.com/the-full-stack/website/blob/main/docs/cloud-gpus/cloud-gpus.csv,2022-08-04,NVIDIA Tesla K80,NVIDIA,Microsoft Azure,,0.90,,,,NC6,K80 (12 GB),1
https://github.com/the-full-stack/website/blob/main/docs/cloud-gpus/cloud-gpus.csv,2022-08-04,NVIDIA Tesla V100 DGXS 16 GB,NVIDIA,Amazon Web Services,,3.06,,,,p3.8xlarge,V100 (16 GB),4
https://github.com/the-full-stack/website/blob/main/docs/cloud-gpus/cloud-gpus.csv,2022-08-04,NVIDIA Tesla V100 DGXS 16 GB,NVIDIA,Microsoft Azure,,3.06,,,,NC12s v3,V100 (16 GB),2
https://github.com/the-full-stack/website/blob/main/docs/cloud-gpus/cloud-gpus.csv,2022-08-04,NVIDIA Tesla V100 DGXS 16 GB,NVIDIA,Google Cloud,,2.95,,,,n1-highmem-64,V100 (16 GB),8
https://github.com/the-full-stack/website/blob/main/docs/cloud-gpus/cloud-gpus.csv,2022-08-04,NVIDIA Tesla V100 DGXS 32 GB,NVIDIA,Paperspace,,2.30,,,,,V100 (32 GB),1
https://github.com/the-full-stack/website/blob/main/docs/cloud-gpus/cloud-gpus.csv,2022-08-04,NVIDIA Tesla V100 DGXS 32 GB,NVIDIA,Paperspace,,2.30,,,,,V100 (32 GB),2
https://github.com/the-full-stack/website/blob/main/docs/cloud-gpus/cloud-gpus.csv,2022-08-04,NVIDIA Tesla P4,NVIDIA,Microsoft Azure,,2.07,,,,NC24s v2,P100 (16 GB),4
https://github.com/the-full-stack/website/blob/main/docs/cloud-gpus/cloud-gpus.csv,2022-08-04,NVIDIA Tesla P4,NVIDIA,Google Cloud,,1.93,,,,n1-highmem-16,P100 (16 GB),2
https://github.com/the-full-stack/website/blob/main/docs/cloud-gpus/cloud-gpus.csv,2022-08-05,NVIDIA A10G,NVIDIA,Amazon Web Services,,1.21,,,,g5.2xlarge,A10G (24 GB),1
https://github.com/the-full-stack/website/blob/main/docs/cloud-gpus/cloud-gpus.csv,2022-08-05,NVIDIA Tesla T4,NVIDIA,Amazon Web Services,,2.18,,,,g4dn.8xlarge,T4 (16 GB),1
https://github.com/the-full-stack/website/blob/main/docs/cloud-gpus/cloud-gpus.csv,2022-08-05,NVIDIA Tesla T4,NVIDIA,Amazon Web Services,,4.35,,,,g4dn.16xlarge,T4 (16 GB),1
https://github.com/the-full-stack/website/blob/main/docs/cloud-gpus/cloud-gpus.csv,2022-08-05,NVIDIA A10G,NVIDIA,Amazon Web Services,,1.01,,,,g5.xlarge,A10G (24 GB),1
https://github.com/the-full-stack/website/blob/main/docs/cloud-gpus/cloud-gpus.csv,2022-08-05,NVIDIA Tesla T4,NVIDIA,Amazon Web Services,,0.98,,,,g4dn.metal,T4 (16 GB),8
https://github.com/the-full-stack/website/blob/main/docs/cloud-gpus/cloud-gpus.csv,2022-08-05,NVIDIA Tesla T4,NVIDIA,Amazon Web Services,,1.20,,,,g4dn.4xlarge,T4 (16 GB),1
https://github.com/the-full-stack/website/blob/main/docs/cloud-gpus/cloud-gpus.csv,2022-08-05,NVIDIA Tesla T4,NVIDIA,Amazon Web Services,,0.75,,,,g4dn.2xlarge,T4 (16 GB),1
https://github.com/the-full-stack/website/blob/main/docs/cloud-gpus/cloud-gpus.csv,2022-08-05,NVIDIA Tesla T4,NVIDIA,Amazon Web Services,,1.20,,,,g4dn.4xlarge,T4 (16 GB),1
https://github.com/the-full-stack/website/blob/main/docs/cloud-gpus/cloud-gpus.csv,2022-08-05,NVIDIA A10G,NVIDIA,Amazon Web Services,,1.62,,,,g5.4xlarge,A10G (24 GB),1
https://github.com/the-full-stack/website/blob/main/docs/cloud-gpus/cloud-gpus.csv,2022-08-05,NVIDIA Tesla T4,NVIDIA,Amazon Web Services,,0.53,,,,g4dn.xlarge,T4 (16 GB),1
https://github.com/the-full-stack/website/blob/main/docs/cloud-gpus/cloud-gpus.csv,2022-08-05,NVIDIA Tesla T4,NVIDIA,Amazon Web Services,,0.98,,,,g4dn.12xlarge,T4 (16 GB),4
https://github.com/the-full-stack/website/blob/main/docs/cloud-gpus/cloud-gpus.csv,2022-08-05,NVIDIA A10G,NVIDIA,Amazon Web Services,,2.04,,,,g5.24xlarge,A10G (24 GB),4
https://github.com/the-full-stack/website/blob/main/docs/cloud-gpus/cloud-gpus.csv,2022-08-05,NVIDIA A10G,NVIDIA,Amazon Web Services,,2.45,,,,g5.8xlarge,A10G (24 GB),1
https://github.com/the-full-stack/website/blob/main/docs/cloud-gpus/cloud-gpus.csv,2022-08-05,NVIDIA A10G,NVIDIA,Amazon Web Services,,1.42,,,,g5.12xlarge,A10G (24 GB),4
https://github.com/the-full-stack/website/blob/main/docs/cloud-gpus/cloud-gpus.csv,2022-08-05,NVIDIA A10G,NVIDIA,Amazon Web Services,,2.04,,,,g5.48xlarge,A10G (24 GB),8
https://github.com/the-full-stack/website/blob/main/docs/cloud-gpus/cloud-gpus.csv,2022-08-05,NVIDIA Tesla T4,NVIDIA,Amazon Web Services,,1.20,,,,g4dn.4xlarge,T4 (16 GB),1
https://github.com/the-full-stack/website/blob/main/docs/cloud-gpus/cloud-gpus.csv,2022-08-05,NVIDIA A10G,NVIDIA,Amazon Web Services,,4.10,,,,g5.16xlarge,A10G (24 GB),1
https://github.com/the-full-stack/website/blob/main/docs/cloud-gpus/cloud-gpus.csv,2022-08-05,NVIDIA A10G,NVIDIA,Lambda Labs,,0.60,,,,,A10G (24 GB),1
https://github.com/the-full-stack/website/blob/main/docs/cloud-gpus/cloud-gpus.csv,2022-08-06,NVIDIA A100 SXM4 40 GB,NVIDIA,Jarvislabs,,1.10,,,,,A100 (40 GB),4
https://github.com/the-full-stack/website/blob/main/docs/cloud-gpus/cloud-gpus.csv,2022-08-06,NVIDIA RTX A5000,NVIDIA,Jarvislabs,,0.59,,,,,A5000 (24 GB),2
https://github.com/the-full-stack/website/blob/main/docs/cloud-gpus/cloud-gpus.csv,2022-08-06,NVIDIA RTX A5000,NVIDIA,Jarvislabs,,0.59,,,,,A5000 (24 GB),1
https://github.com/the-full-stack/website/blob/main/docs/cloud-gpus/cloud-gpus.csv,2022-08-06,NVIDIA RTX A6000,NVIDIA,Jarvislabs,,0.99,,,,,A6000 (48 GB),4
https://github.com/the-full-stack/website/blob/main/docs/cloud-gpus/cloud-gpus.csv,2022-08-06,NVIDIA A100 SXM4 40 GB,NVIDIA,Jarvislabs,,1.10,,,,,A100 (40 GB),2
https://github.com/the-full-stack/website/blob/main/docs/cloud-gpus/cloud-gpus.csv,2022-08-06,NVIDIA RTX A6000,NVIDIA,Jarvislabs,,0.99,,,,,A6000 (48 GB),2
https://github.com/the-full-stack/website/blob/main/docs/cloud-gpus/cloud-gpus.csv,2022-08-06,NVIDIA RTX A6000,NVIDIA,Jarvislabs,,0.99,,,,,A6000 (48 GB),1
https://github.com/the-full-stack/website/blob/main/docs/cloud-gpus/cloud-gpus.csv,2022-08-06,NVIDIA RTX A5000,NVIDIA,Jarvislabs,,0.59,,,,,A5000 (24 GB),4
https://github.com/the-full-stack/website/blob/main/docs/cloud-gpus/cloud-gpus.csv,2022-08-06,NVIDIA RTX A6000,NVIDIA,Jarvislabs,,0.99,,,,,A6000 (48 GB),8
https://github.com/the-full-stack/website/blob/main/docs/cloud-gpus/cloud-gpus.csv,2022-08-06,NVIDIA Quadro RTX 5000,NVIDIA,Jarvislabs,,0.49,,,,,RTX5000 (16 GB),1
https://github.com/the-full-stack/website/blob/main/docs/cloud-gpus/cloud-gpus.csv,2022-08-06,NVIDIA RTX A5000,NVIDIA,Jarvislabs,,0.59,,,,,A5000 (24 GB),8
https://github.com/the-full-stack/website/blob/main/docs/cloud-gpus/cloud-gpus.csv,2022-08-06,NVIDIA A100 SXM4 40 GB,NVIDIA,Jarvislabs,,1.10,,,,,A100 (40 GB),8
https://github.com/the-full-stack/website/blob/main/docs/cloud-gpus/cloud-gpus.csv,2022-08-06,NVIDIA Quadro RTX 5000,NVIDIA,Jarvislabs,,0.49,,,,,RTX5000 (16 GB),8
https://github.com/the-full-stack/website/blob/main/docs/cloud-gpus/cloud-gpus.csv,2022-08-06,NVIDIA A100 SXM4 40 GB,NVIDIA,Jarvislabs,,1.10,,,,,A100 (40 GB),1
https://github.com/the-full-stack/website/blob/main/docs/cloud-gpus/cloud-gpus.csv,2022-08-06,NVIDIA Quadro RTX 5000,NVIDIA,Jarvislabs,,0.49,,,,,RTX5000 (16 GB),2
https://github.com/the-full-stack/website/blob/main/docs/cloud-gpus/cloud-gpus.csv,2022-08-06,NVIDIA Quadro RTX 5000,NVIDIA,Jarvislabs,,0.49,,,,,RTX5000 (16 GB),4
https://github.com/the-full-stack/website/blob/main/docs/cloud-gpus/cloud-gpus.csv,2022-08-08,NVIDIA RTX A6000,NVIDIA,Datacrunch,,1.25,,,,8A6000.80V,A6000 (48 GB),8
https://github.com/the-full-stack/website/blob/main/docs/cloud-gpus/cloud-gpus.csv,2022-08-08,NVIDIA Tesla V100 DGXS 16 GB,NVIDIA,Datacrunch,,1.00,,,,8V100.48V,V100 (16 GB),8
https://github.com/the-full-stack/website/blob/main/docs/cloud-gpus/cloud-gpus.csv,2022-08-08,NVIDIA Tesla V100 DGXS 16 GB,NVIDIA,Datacrunch,,1.00,,,,4V100.20V,V100 (16 GB),4
https://github.com/the-full-stack/website/blob/main/docs/cloud-gpus/cloud-gpus.csv,2022-08-08,NVIDIA A100 SXM4 80 GB,NVIDIA,Datacrunch,,1.85,,,,2A100.44V,A100 (80 GB),2
https://github.com/the-full-stack/website/blob/main/docs/cloud-gpus/cloud-gpus.csv,2022-08-08,NVIDIA Tesla V100 DGXS 16 GB,NVIDIA,Datacrunch,,1.00,,,,2V100.10V,V100 (16 GB),2
https://github.com/the-full-stack/website/blob/main/docs/cloud-gpus/cloud-gpus.csv,2022-08-08,NVIDIA RTX A6000,NVIDIA,Datacrunch,,1.25,,,,1A6000.10V,A6000 (48 GB),1
https://github.com/the-full-stack/website/blob/main/docs/cloud-gpus/cloud-gpus.csv,2022-08-08,NVIDIA A100 SXM4 80 GB,NVIDIA,Datacrunch,,1.85,,,,8A100.176V,A100 (80 GB),8
https://github.com/the-full-stack/website/blob/main/docs/cloud-gpus/cloud-gpus.csv,2022-08-08,NVIDIA Tesla V100 DGXS 16 GB,NVIDIA,Datacrunch,,1.00,,,,1V100.6V,V100 (16 GB),1
https://github.com/the-full-stack/website/blob/main/docs/cloud-gpus/cloud-gpus.csv,2022-08-08,NVIDIA A100 SXM4 80 GB,NVIDIA,Datacrunch,,1.85,,,,1A100.22V,A100 (80 GB),1
https://github.com/the-full-stack/website/blob/main/docs/cloud-gpus/cloud-gpus.csv,2022-08-08,NVIDIA A100 SXM4 80 GB,NVIDIA,Datacrunch,,1.85,,,,4A100.88V,A100 (80 GB),4
https://web.archive.org/web/20220819235958/https://aws.amazon.com/ec2/instance-types/p4/,2022-08-19,NVIDIA A100 SXM4 80 GB,NVIDIA,Amazon Web Services,US East (Northern Virginia),5.12,3.00,1.81,,,,
https://github.com/the-full-stack/website/blob/main/docs/cloud-gpus/cloud-gpus.csv,2022-08-26,NVIDIA Tesla P4,NVIDIA,Exoscale,,0.86,,,,GPU MEDIUM,P100 (16 GB),2
https://github.com/the-full-stack/website/blob/main/docs/cloud-gpus/cloud-gpus.csv,2022-08-26,NVIDIA A40 PCIe,NVIDIA,Exoscale,,2.14,,,,GPU3 MEDIUM,A40 (48 GB),2
https://github.com/the-full-stack/website/blob/main/docs/cloud-gpus/cloud-gpus.csv,2022-08-26,NVIDIA A40 PCIe,NVIDIA,Exoscale,,2.13,,,,GPU3 LARGE,A40 (48 GB),4
https://github.com/the-full-stack/website/blob/main/docs/cloud-gpus/cloud-gpus.csv,2022-08-26,NVIDIA A40 PCIe,NVIDIA,Exoscale,,2.13,,,,GPU3 HUGE,A40 (48 GB),8
https://github.com/the-full-stack/website/blob/main/docs/cloud-gpus/cloud-gpus.csv,2022-08-26,NVIDIA Tesla V100 DGXS 16 GB,NVIDIA,Exoscale,,0.83,,,,GPU2 HUGE,V100 (16 GB),4
https://github.com/the-full-stack/website/blob/main/docs/cloud-gpus/cloud-gpus.csv,2022-08-26,NVIDIA A40 PCIe,NVIDIA,Exoscale,,2.13,,,,GPU3 SMALL,A40 (48 GB),1
https://github.com/the-full-stack/website/blob/main/docs/cloud-gpus/cloud-gpus.csv,2022-08-26,NVIDIA Tesla V100 DGXS 16 GB,NVIDIA,Exoscale,,1.38,,,,GPU2 SMALL,V100 (16 GB),1
https://github.com/the-full-stack/website/blob/main/docs/cloud-gpus/cloud-gpus.csv,2022-08-26,NVIDIA Tesla P4,NVIDIA,Exoscale,,0.64,,,,GPU LARGE,P100 (16 GB),4
https://github.com/the-full-stack/website/blob/main/docs/cloud-gpus/cloud-gpus.csv,2022-08-26,NVIDIA Tesla P4,NVIDIA,Exoscale,,1.17,,,,GPU SMALL,P100 (16 GB),1
https://github.com/the-full-stack/website/blob/main/docs/cloud-gpus/cloud-gpus.csv,2022-08-26,NVIDIA Tesla V100 DGXS 16 GB,NVIDIA,Exoscale,,1.01,,,,GPU2 MEDIUM,V100 (16 GB),2
https://github.com/the-full-stack/website/blob/main/docs/cloud-gpus/cloud-gpus.csv,2022-08-26,NVIDIA Tesla P4,NVIDIA,Exoscale,,0.35,,,,GPU HUGE,P100 (16 GB),8
https://web.archive.org/web/20220911040357/https://cloud.google.com/tpu/pricing,2022-09-11,Google TPU v4,Google,Google Cloud,us-central2-b,3.22,2.03,1.45,,,,
https://web.archive.org/web/20220912080457/https://azure.microsoft.com/en-us/pricing/details/virtual-machines/linux/#pricing copy,2022-09-12,NVIDIA A100 PCIe,NVIDIA,Microsoft Azure,East US,3.67,2.40,1.36,,instance NC24ads A100 v4,,
https://web.archive.org/web/20220929115124/https://www.deltacomputer.com/nvidia-dgx-h100-640gb.html,2022-09-29,NVIDIA H100 SXM5 80GB,NVIDIA,,,,,,44489.88,"DGX, 8 GPU, 640GB. Convert Euro to USD: https://www.oanda.com/currency-converter/en/?from=EUR&to=USD&amount=https://www.oanda.com/currency-converter/en/?from=EUR&to=USD&amount=369855.51",,8
https://web.archive.org/web/20221209004833/https://aws.amazon.com/ec2/instance-types/p4/,2022-10-17,NVIDIA A100 SXM4 40 GB,NVIDIA,Amazon Web Services,US East (Northern Virginia),4.10,2.40,1.45,,,,
https://web.archive.org/web/20221115193106/https://azure.microsoft.com/en-us/pricing/details/virtual-machines/linux/#pricing,2022-11-15,NVIDIA A100 PCIe,NVIDIA,Microsoft Azure,East US,3.67,3.06,2.27,,instance NC24ads A100 v4,,
https://web.archive.org/web/20221209004833/https://aws.amazon.com/ec2/instance-types/p4/,2022-12-09,NVIDIA A100 SXM4 40 GB,NVIDIA,Amazon Web Services,US East (Northern Virginia),4.10,2.40,1.45,,,,
https://web.archive.org/web/20220819235958/https://aws.amazon.com/ec2/instance-types/p4/,2022-12-09,NVIDIA A100 SXM4 80 GB,NVIDIA,Amazon Web Services,US East (Northern Virginia),5.12,3.00,1.81,,,,
https://web.archive.org/web/20221209004833/https://aws.amazon.com/ec2/instance-types/p4/,2022-12-09,NVIDIA A100,NVIDIA,Amazon Web Services,US East (Northern Virginia),4.10,2.40,1.45,,p4d.24xlarge,,
https://web.archive.org/web/20221212030420/https://cloud.google.com/compute/gpus-pricing,2022-12-12,NVIDIA A100 SXM4 80 GB,NVIDIA,Google Cloud,Iowa (us-central1),3.93,,,,,,
https://web.archive.org/web/20221212030420/https://cloud.google.com/compute/gpus-pricing,2022-12-12,NVIDIA A100 SXM4 40 GB,NVIDIA,Google Cloud,Iowa (us-central1),2.93,1.85,1.03,,,,
https://github.com/the-full-stack/website/blob/main/docs/cloud-gpus/cloud-gpus.csv,2022-12-12,NVIDIA Tesla V100 DGXS 32 GB,NVIDIA,OVHcloud,,2.19,,,,t2-180,V100 (32 GB),4
https://github.com/the-full-stack/website/blob/main/docs/cloud-gpus/cloud-gpus.csv,2022-12-12,NVIDIA Tesla V100 DGXS 16 GB,NVIDIA,OVHcloud,,1.97,,,,t1-90,V100 (16 GB),2
https://github.com/the-full-stack/website/blob/main/docs/cloud-gpus/cloud-gpus.csv,2022-12-12,NVIDIA Tesla V100 DGXS 16 GB,NVIDIA,OVHcloud,,1.97,,,,t1-45,V100 (16 GB),1
https://github.com/the-full-stack/website/blob/main/docs/cloud-gpus/cloud-gpus.csv,2022-12-12,NVIDIA Tesla V100 DGXS 16 GB,NVIDIA,OVHcloud,,1.97,,,,t1-180,V100 (16 GB),4
https://github.com/the-full-stack/website/blob/main/docs/cloud-gpus/cloud-gpus.csv,2022-12-12,NVIDIA Tesla V100 DGXS 32 GB,NVIDIA,OVHcloud,,2.19,,,,t2-90,V100 (32 GB),2
https://github.com/the-full-stack/website/blob/main/docs/cloud-gpus/cloud-gpus.csv,2022-12-12,NVIDIA Tesla V100 DGXS 32 GB,NVIDIA,OVHcloud,,2.19,,,,t2-45,V100 (32 GB),1
https://github.com/the-full-stack/website/blob/main/docs/cloud-gpus/cloud-gpus.csv,2023-01-10,NVIDIA Quadro RTX 6000,NVIDIA,Lambda Labs,,4.40,,,,,Quadro RTX 6000 (24 GB),1
https://github.com/the-full-stack/website/blob/main/docs/cloud-gpus/cloud-gpus.csv,2023-01-10,NVIDIA A100 SXM4 40 GB,NVIDIA,Lambda Labs,,1.10,,,,,A100 (40 GB),8
https://web.archive.org/web/20230128121104/https://azure.microsoft.com/en-us/pricing/details/virtual-machines/linux/#pricing copy copy,2023-01-28,NVIDIA A100 PCIe,NVIDIA,Microsoft Azure,East US,3.67,3.06,2.27,,instance NC24ads A100 v4,,
https://github.com/the-full-stack/website/blob/main/docs/cloud-gpus/cloud-gpus.csv,2023-02-02,NVIDIA A100 SXM4 80 GB,NVIDIA,Lambda Labs,,1.50,,,,,A100 (80 GB),8
https://web.archive.org/web/20221209004833/https://aws.amazon.com/ec2/instance-types/p4/,2023-03-10,NVIDIA A100 SXM4 40 GB,NVIDIA,Amazon Web Services,US East (Northern Virginia),4.10,2.40,1.45,,,,
https://web.archive.org/web/20230321095612/https://azure.microsoft.com/en-us/pricing/details/virtual-machines/linux/#pricing,2023-03-21,NVIDIA A100 PCIe,NVIDIA,Microsoft Azure,East US,3.67,3.06,2.27,,instance NC24ads A100 v4,,
https://web.archive.org/web/20230508171615/https://azure.microsoft.com/en-us/pricing/details/virtual-machines/linux/#pricing,2023-05-08,NVIDIA A100 PCIe,NVIDIA,Microsoft Azure,East US,3.67,3.06,2.27,,instance NC24ads A100 v4,,
https://github.com/the-full-stack/website/blob/main/docs/cloud-gpus/cloud-gpus.csv,2023-05-23,NVIDIA RTX A4000,NVIDIA,Cudo Compute,,0.30,,,,,A4000 (16 GB),4
https://github.com/the-full-stack/website/blob/main/docs/cloud-gpus/cloud-gpus.csv,2023-05-23,NVIDIA RTX A4000,NVIDIA,RunPod,,0.34,,,,,A4000 (16 GB),8
https://github.com/the-full-stack/website/blob/main/docs/cloud-gpus/cloud-gpus.csv,2023-05-23,NVIDIA RTX A6000,NVIDIA,Cudo Compute,,0.81,,,,,A6000 (48 GB),1
https://github.com/the-full-stack/website/blob/main/docs/cloud-gpus/cloud-gpus.csv,2023-05-23,NVIDIA RTX A6000,NVIDIA,Cudo Compute,,0.78,,,,,A6000 (48 GB),1
https://github.com/the-full-stack/website/blob/main/docs/cloud-gpus/cloud-gpus.csv,2023-05-23,NVIDIA RTX A4000,NVIDIA,Cudo Compute,,0.30,,,,,A4000 (16 GB),1
https://github.com/the-full-stack/website/blob/main/docs/cloud-gpus/cloud-gpus.csv,2023-05-23,NVIDIA RTX A5000,NVIDIA,RunPod,,0.44,,,,,A5000 (24 GB),8
https://github.com/the-full-stack/website/blob/main/docs/cloud-gpus/cloud-gpus.csv,2023-05-23,NVIDIA RTX A5000,NVIDIA,Cudo Compute,,0.55,,,,,A5000 (24 GB),1
https://github.com/the-full-stack/website/blob/main/docs/cloud-gpus/cloud-gpus.csv,2023-05-23,NVIDIA RTX A4000,NVIDIA,Cudo Compute,,0.29,,,,,A4000 (16 GB),2
https://github.com/the-full-stack/website/blob/main/docs/cloud-gpus/cloud-gpus.csv,2023-05-23,NVIDIA RTX A6000,NVIDIA,RunPod,,0.79,,,,,A6000 (48 GB),8
https://github.com/the-full-stack/website/blob/main/docs/cloud-gpus/cloud-gpus.csv,2023-05-23,NVIDIA RTX A5000,NVIDIA,Cudo Compute,,0.58,,,,,A5000 (24 GB),4
https://github.com/the-full-stack/website/blob/main/docs/cloud-gpus/cloud-gpus.csv,2023-05-23,NVIDIA RTX A4000,NVIDIA,Cudo Compute,,0.30,,,,,A4000 (16 GB),1
https://github.com/the-full-stack/website/blob/main/docs/cloud-gpus/cloud-gpus.csv,2023-05-23,NVIDIA RTX A5000,NVIDIA,Cudo Compute,,0.52,,,,,A5000 (24 GB),1
https://github.com/the-full-stack/website/blob/main/docs/cloud-gpus/cloud-gpus.csv,2023-05-23,NVIDIA RTX A5000,NVIDIA,Cudo Compute,,0.58,,,,,A5000 (24 GB),2
https://github.com/the-full-stack/website/blob/main/docs/cloud-gpus/cloud-gpus.csv,2023-05-23,NVIDIA RTX A4000,NVIDIA,Cudo Compute,,0.30,,,,,A4000 (16 GB),2
https://github.com/the-full-stack/website/blob/main/docs/cloud-gpus/cloud-gpus.csv,2023-05-23,NVIDIA A40 PCIe,NVIDIA,RunPod,,0.79,,,,,A40 (48 GB),8
https://github.com/the-full-stack/website/blob/main/docs/cloud-gpus/cloud-gpus.csv,2023-05-23,NVIDIA RTX A5000,NVIDIA,Cudo Compute,,0.58,,,,,A5000 (24 GB),2
https://github.com/the-full-stack/website/blob/main/docs/cloud-gpus/cloud-gpus.csv,2023-05-23,NVIDIA RTX A4000,NVIDIA,Cudo Compute,,0.29,,,,,A4000 (16 GB),1
https://github.com/the-full-stack/website/blob/main/docs/cloud-gpus/cloud-gpus.csv,2023-05-23,NVIDIA RTX A5000,NVIDIA,Cudo Compute,,0.58,,,,,A5000 (24 GB),1
https://github.com/the-full-stack/website/blob/main/docs/cloud-gpus/cloud-gpus.csv,2023-05-23,NVIDIA RTX A6000,NVIDIA,Cudo Compute,,0.81,,,,,A6000 (48 GB),2
https://github.com/the-full-stack/website/blob/main/docs/cloud-gpus/cloud-gpus.csv,2023-05-23,NVIDIA RTX A4000,NVIDIA,Cudo Compute,,0.29,,,,,A4000 (16 GB),8
https://github.com/the-full-stack/website/blob/main/docs/cloud-gpus/cloud-gpus.csv,2023-05-23,NVIDIA RTX A5000,NVIDIA,Cudo Compute,,0.52,,,,,A5000 (24 GB),8
https://github.com/the-full-stack/website/blob/main/docs/cloud-gpus/cloud-gpus.csv,2023-05-23,NVIDIA RTX A5000,NVIDIA,Cudo Compute,,0.55,,,,,A5000 (24 GB),2
https://github.com/the-full-stack/website/blob/main/docs/cloud-gpus/cloud-gpus.csv,2023-05-23,NVIDIA RTX A4000,NVIDIA,Cudo Compute,,0.30,,,,,A4000 (16 GB),2
https://github.com/the-full-stack/website/blob/main/docs/cloud-gpus/cloud-gpus.csv,2023-05-23,NVIDIA RTX A4000,NVIDIA,Cudo Compute,,0.29,,,,,A4000 (16 GB),2
https://github.com/the-full-stack/website/blob/main/docs/cloud-gpus/cloud-gpus.csv,2023-05-23,NVIDIA RTX A6000,NVIDIA,Cudo Compute,,0.81,,,,,A6000 (48 GB),2
https://github.com/the-full-stack/website/blob/main/docs/cloud-gpus/cloud-gpus.csv,2023-05-23,NVIDIA A100 SXM4 80 GB,NVIDIA,RunPod,,1.89,,,,,A100 (80 GB),8
https://github.com/the-full-stack/website/blob/main/docs/cloud-gpus/cloud-gpus.csv,2023-05-23,NVIDIA RTX A5000,NVIDIA,Cudo Compute,,0.55,,,,,A5000 (24 GB),2
https://github.com/the-full-stack/website/blob/main/docs/cloud-gpus/cloud-gpus.csv,2023-05-23,NVIDIA RTX A5000,NVIDIA,Cudo Compute,,0.55,,,,,A5000 (24 GB),4
https://github.com/the-full-stack/website/blob/main/docs/cloud-gpus/cloud-gpus.csv,2023-05-23,NVIDIA RTX A6000,NVIDIA,Cudo Compute,,0.78,,,,,A6000 (48 GB),8
https://github.com/the-full-stack/website/blob/main/docs/cloud-gpus/cloud-gpus.csv,2023-05-23,NVIDIA RTX A6000,NVIDIA,Cudo Compute,,0.81,,,,,A6000 (48 GB),4
https://github.com/the-full-stack/website/blob/main/docs/cloud-gpus/cloud-gpus.csv,2023-05-23,NVIDIA RTX A4000,NVIDIA,Cudo Compute,,0.29,,,,,A4000 (16 GB),4
https://github.com/the-full-stack/website/blob/main/docs/cloud-gpus/cloud-gpus.csv,2023-05-23,NVIDIA RTX A5000,NVIDIA,Cudo Compute,,0.55,,,,,A5000 (24 GB),1
https://github.com/the-full-stack/website/blob/main/docs/cloud-gpus/cloud-gpus.csv,2023-05-23,NVIDIA RTX A4000,NVIDIA,Cudo Compute,,0.29,,,,,A4000 (16 GB),1
https://github.com/the-full-stack/website/blob/main/docs/cloud-gpus/cloud-gpus.csv,2023-05-23,NVIDIA RTX A4000,NVIDIA,Cudo Compute,,0.30,,,,,A4000 (16 GB),8
https://github.com/the-full-stack/website/blob/main/docs/cloud-gpus/cloud-gpus.csv,2023-05-24,NVIDIA Quadro RTX 4000,NVIDIA,Oblivus Cloud,,0.27,,,,,RTX4000 (8 GB),4
https://github.com/the-full-stack/website/blob/main/docs/cloud-gpus/cloud-gpus.csv,2023-05-24,NVIDIA Tesla V100 DGXS 16 GB,NVIDIA,Oblivus Cloud,,0.65,,,,,V100 (16 GB),4
https://github.com/the-full-stack/website/blob/main/docs/cloud-gpus/cloud-gpus.csv,2023-05-24,NVIDIA A100 SXM4 40 GB,NVIDIA,Oblivus Cloud,,2.39,,,,,A100 (40 GB),1
https://github.com/the-full-stack/website/blob/main/docs/cloud-gpus/cloud-gpus.csv,2023-05-24,NVIDIA Quadro RTX 4000,NVIDIA,Oblivus Cloud,,0.27,,,,,RTX4000 (8 GB),2
https://github.com/the-full-stack/website/blob/main/docs/cloud-gpus/cloud-gpus.csv,2023-05-24,NVIDIA A40 PCIe,NVIDIA,Oblivus Cloud,,1.54,,,,,A40 (48 GB),2
https://github.com/the-full-stack/website/blob/main/docs/cloud-gpus/cloud-gpus.csv,2023-05-24,NVIDIA Quadro RTX 5000,NVIDIA,Oblivus Cloud,,0.76,,,,,RTX5000 (16 GB),4
https://github.com/the-full-stack/website/blob/main/docs/cloud-gpus/cloud-gpus.csv,2023-05-24,NVIDIA Quadro RTX 5000,NVIDIA,Oblivus Cloud,,0.76,,,,,RTX5000 (16 GB),2
https://github.com/the-full-stack/website/blob/main/docs/cloud-gpus/cloud-gpus.csv,2023-05-24,NVIDIA RTX A6000,NVIDIA,Oblivus Cloud,,1.54,,,,,A6000 (48 GB),1
https://github.com/the-full-stack/website/blob/main/docs/cloud-gpus/cloud-gpus.csv,2023-05-24,NVIDIA Quadro RTX 4000,NVIDIA,Oblivus Cloud,,0.27,,,,,RTX4000 (8 GB),1
https://github.com/the-full-stack/website/blob/main/docs/cloud-gpus/cloud-gpus.csv,2023-05-24,NVIDIA RTX A6000,NVIDIA,Oblivus Cloud,,1.54,,,,,A6000 (48 GB),4
https://github.com/the-full-stack/website/blob/main/docs/cloud-gpus/cloud-gpus.csv,2023-05-24,NVIDIA RTX A4000,NVIDIA,Oblivus Cloud,,0.81,,,,,A4000 (16 GB),4
https://github.com/the-full-stack/website/blob/main/docs/cloud-gpus/cloud-gpus.csv,2023-05-24,NVIDIA RTX A5000,NVIDIA,Oblivus Cloud,,0.98,,,,,A5000 (24 GB),8
https://github.com/the-full-stack/website/blob/main/docs/cloud-gpus/cloud-gpus.csv,2023-05-24,NVIDIA A100 SXM4 40 GB,NVIDIA,Oblivus Cloud,,2.39,,,,,A100 (40 GB),2
https://github.com/the-full-stack/website/blob/main/docs/cloud-gpus/cloud-gpus.csv,2023-05-24,NVIDIA RTX A4000,NVIDIA,Oblivus Cloud,,0.81,,,,,A4000 (16 GB),1
https://github.com/the-full-stack/website/blob/main/docs/cloud-gpus/cloud-gpus.csv,2023-05-24,NVIDIA RTX A6000,NVIDIA,Oblivus Cloud,,1.54,,,,,A6000 (48 GB),2
https://github.com/the-full-stack/website/blob/main/docs/cloud-gpus/cloud-gpus.csv,2023-05-24,NVIDIA RTX A5000,NVIDIA,Oblivus Cloud,,0.98,,,,,A5000 (24 GB),2
https://github.com/the-full-stack/website/blob/main/docs/cloud-gpus/cloud-gpus.csv,2023-05-24,NVIDIA Tesla V100 DGXS 16 GB,NVIDIA,Oblivus Cloud,,0.65,,,,,V100 (16 GB),2
https://github.com/the-full-stack/website/blob/main/docs/cloud-gpus/cloud-gpus.csv,2023-05-24,NVIDIA RTX A5000,NVIDIA,Oblivus Cloud,,0.98,,,,,A5000 (24 GB),4
https://github.com/the-full-stack/website/blob/main/docs/cloud-gpus/cloud-gpus.csv,2023-05-24,NVIDIA A40 PCIe,NVIDIA,Oblivus Cloud,,1.54,,,,,A40 (48 GB),4
https://github.com/the-full-stack/website/blob/main/docs/cloud-gpus/cloud-gpus.csv,2023-05-24,NVIDIA A100 SXM4 40 GB,NVIDIA,Oblivus Cloud,,2.39,,,,,A100 (40 GB),8
https://github.com/the-full-stack/website/blob/main/docs/cloud-gpus/cloud-gpus.csv,2023-05-24,NVIDIA A100 SXM4 80 GB,NVIDIA,Oblivus Cloud,,2.55,,,,,A100 (80 GB),2
https://github.com/the-full-stack/website/blob/main/docs/cloud-gpus/cloud-gpus.csv,2023-05-24,NVIDIA A100 SXM4 80 GB,NVIDIA,Oblivus Cloud,,2.55,,,,,A100 (80 GB),1
https://github.com/the-full-stack/website/blob/main/docs/cloud-gpus/cloud-gpus.csv,2023-05-24,NVIDIA RTX A6000,NVIDIA,Oblivus Cloud,,1.54,,,,,A6000 (48 GB),8
https://github.com/the-full-stack/website/blob/main/docs/cloud-gpus/cloud-gpus.csv,2023-05-24,NVIDIA RTX A4000,NVIDIA,Oblivus Cloud,,0.81,,,,,A4000 (16 GB),2
https://github.com/the-full-stack/website/blob/main/docs/cloud-gpus/cloud-gpus.csv,2023-05-24,NVIDIA A40 PCIe,NVIDIA,Oblivus Cloud,,1.54,,,,,A40 (48 GB),8
https://github.com/the-full-stack/website/blob/main/docs/cloud-gpus/cloud-gpus.csv,2023-05-24,NVIDIA A40 PCIe,NVIDIA,Oblivus Cloud,,1.54,,,,,A40 (48 GB),1
https://github.com/the-full-stack/website/blob/main/docs/cloud-gpus/cloud-gpus.csv,2023-05-24,NVIDIA Quadro RTX 5000,NVIDIA,Oblivus Cloud,,0.76,,,,,RTX5000 (16 GB),1
https://github.com/the-full-stack/website/blob/main/docs/cloud-gpus/cloud-gpus.csv,2023-05-24,NVIDIA RTX A5000,NVIDIA,Oblivus Cloud,,0.98,,,,,A5000 (24 GB),1
https://github.com/the-full-stack/website/blob/main/docs/cloud-gpus/cloud-gpus.csv,2023-05-24,NVIDIA A100 SXM4 80 GB,NVIDIA,Oblivus Cloud,,2.55,,,,,A100 (80 GB),4
https://github.com/the-full-stack/website/blob/main/docs/cloud-gpus/cloud-gpus.csv,2023-05-24,NVIDIA Tesla V100 DGXS 16 GB,NVIDIA,Oblivus Cloud,,0.65,,,,,V100 (16 GB),1
https://github.com/the-full-stack/website/blob/main/docs/cloud-gpus/cloud-gpus.csv,2023-05-24,NVIDIA A100 SXM4 40 GB,NVIDIA,Oblivus Cloud,,2.39,,,,,A100 (40 GB),4
https://github.com/the-full-stack/website/blob/main/docs/cloud-gpus/cloud-gpus.csv,2023-05-24,NVIDIA A100 SXM4 80 GB,NVIDIA,Oblivus Cloud,,2.55,,,,,A100 (80 GB),8
https://web.archive.org/web/20230529125834/https://www.semianalysis.com/p/ai-server-cost-analysis-memory-is,2023-05-29,NVIDIA H100 SXM5 80GB,NVIDIA,,,,,,33750.00,"DGX, 8 GPU, 640GB. “Nvidia sells DGX H100’s at around $270,000”.",,8
https://web.archive.org/web/20230601141218/https://cloud.google.com/tpu/pricing,2023-06-01,Google TPU v4,Google,Google Cloud,us-central2-b,3.22,2.03,1.45,,,,
https://github.com/the-full-stack/website/blob/main/docs/cloud-gpus/cloud-gpus.csv,2023-06-20,NVIDIA H100 SXM5 80GB,NVIDIA,Lambda Labs,,1.99,,,,,H100 (80 GB),1
https://web.archive.org/web/20240411010832/https://www.databricks.com/blog/mpt-30b,2023-06-22,NVIDIA H100 SXM5 80GB,NVIDIA,Databricks,,5.00,,,,"""Table 4 - Times and costs to pre-train MPT-30B from scratch on 1 trillion tokens. Times for H100 are extrapolated from a 256xH100 system. Costs are based on current MosaicML reserved cluster pricing of $2.50/A100-40GB/hour and $5.00/H100-80GB/hour""",,
https://github.com/the-full-stack/website/blob/main/docs/cloud-gpus/cloud-gpus.csv,2023-06-22,NVIDIA H100 SXM5 80GB,NVIDIA,Latitude.sh,,4.03,,,,g3.xlarge.x86,H100 (80 GB),8
https://github.com/the-full-stack/website/blob/main/docs/cloud-gpus/cloud-gpus.csv,2023-06-22,NVIDIA H100 SXM5 80GB,NVIDIA,Latitude.sh,,4.40,,,,g3.small.x86,H100 (80 GB),1
https://github.com/the-full-stack/website/blob/main/docs/cloud-gpus/cloud-gpus.csv,2023-06-22,NVIDIA A100 SXM4 80 GB,NVIDIA,Latitude.sh,,2.90,,,,g3.large.x86,A100 (80 GB),8
https://github.com/the-full-stack/website/blob/main/docs/cloud-gpus/cloud-gpus.csv,2023-06-22,NVIDIA H100 SXM5 80GB,NVIDIA,Latitude.sh,,4.40,,,,g3.medium.x86,H100 (80 GB),4
https://web.archive.org/web/20250114055522/https://www.tomshardware.com/news/price-of-nvidia-a800-compute-gpu-soars,2023-07-10,NVIDIA A800 PCIe,NVIDIA,,,,,,15000.00,"""Right now, the price is approaching CNY110,000 (US$15,000) per unit""",,
https://web.archive.org/web/20230714001610/https://azure.microsoft.com/en-us/pricing/details/virtual-machines/linux/#pricing,2023-07-14,NVIDIA A100 PCIe,NVIDIA,Microsoft Azure,East US,3.67,3.06,2.27,,instance NC24ads A100 v4,,
https://web.archive.org/web/20230909082839/https://azure.microsoft.com/en-us/pricing/details/virtual-machines/linux/#pricing,2023-09-09,NVIDIA A100 PCIe,NVIDIA,Microsoft Azure,East US,3.67,3.06,2.27,,instance NC24ads A100 v4,,
https://web.archive.org/web/20230923154035/https://www.dihuni.com/product/dgx-a100-comparable-dihuni-optiready-ai-a100-sxm4-8nve-8-x-ampere-a100-sxm4-nvlink-epyc-deep-learning-server/#gpu%20,2023-09-23,NVIDIA A100 SXM4 80 GB,NVIDIA,,,,,,18548.75,"HGX A100, 8 GPU, 640GB",,8
https://github.com/the-full-stack/website/blob/main/docs/cloud-gpus/cloud-gpus.csv,2023-10-23,NVIDIA A100 SXM4 80 GB,NVIDIA,Oracle Cloud,,4.00,,,,BM.GPU.A100-v2.8,A100 (80 GB),8
https://github.com/the-full-stack/website/blob/main/docs/cloud-gpus/cloud-gpus.csv,2023-10-23,NVIDIA A10 PCIe,NVIDIA,Oracle Cloud,,2.00,,,,VM.GPU.A10.1,A10,1
https://github.com/the-full-stack/website/blob/main/docs/cloud-gpus/cloud-gpus.csv,2023-10-23,NVIDIA A100 SXM4 40 GB,NVIDIA,Oracle Cloud,,3.05,,,,BM.GPU.A4.8,A100 (40 GB),8
https://github.com/the-full-stack/website/blob/main/docs/cloud-gpus/cloud-gpus.csv,2023-10-23,NVIDIA H100 SXM5 80GB,NVIDIA,Oracle Cloud,,10.00,,,,BM.GPU.H100.8,H100 (80 GB),8
https://github.com/the-full-stack/website/blob/main/docs/cloud-gpus/cloud-gpus.csv,2023-10-23,NVIDIA A10 PCIe,NVIDIA,Oracle Cloud,,2.00,,,,VM.GPU.A10.2,A10,2
https://github.com/the-full-stack/website/blob/main/docs/cloud-gpus/cloud-gpus.csv,2023-10-31,NVIDIA A100 SXM4 80 GB,NVIDIA,FluidStack,,2.21,,,,,A100 (80 GB),1
https://github.com/the-full-stack/website/blob/main/docs/cloud-gpus/cloud-gpus.csv,2023-10-31,NVIDIA H100 SXM5 80GB,NVIDIA,FluidStack,,4.76,,,,,H100 (80 GB),8
https://github.com/the-full-stack/website/blob/main/docs/cloud-gpus/cloud-gpus.csv,2023-10-31,NVIDIA H100 SXM5 80GB,NVIDIA,FluidStack,,4.76,,,,,H100 (80 GB),4
https://github.com/the-full-stack/website/blob/main/docs/cloud-gpus/cloud-gpus.csv,2023-10-31,NVIDIA A100 SXM4 80 GB,NVIDIA,FluidStack,,2.21,,,,,A100 (80 GB),2
https://github.com/the-full-stack/website/blob/main/docs/cloud-gpus/cloud-gpus.csv,2023-10-31,NVIDIA A100 SXM4 80 GB,NVIDIA,FluidStack,,2.21,,,,,A100 (80 GB),4
https://github.com/the-full-stack/website/blob/main/docs/cloud-gpus/cloud-gpus.csv,2023-10-31,NVIDIA A100 SXM4 80 GB,NVIDIA,FluidStack,,2.21,,,,,A100 (80 GB),8
https://github.com/the-full-stack/website/blob/main/docs/cloud-gpus/cloud-gpus.csv,2023-10-31,NVIDIA H100 SXM5 80GB,NVIDIA,FluidStack,,4.76,,,,,H100 (80 GB),1
https://github.com/the-full-stack/website/blob/main/docs/cloud-gpus/cloud-gpus.csv,2023-10-31,NVIDIA H100 SXM5 80GB,NVIDIA,FluidStack,,4.76,,,,,H100 (80 GB),2
https://web.archive.org/web/20231121194714/https://azure.microsoft.com/en-us/pricing/details/virtual-machines/linux/#pricing copy copy copy,2023-11-21,NVIDIA A100 PCIe,NVIDIA,Microsoft Azure,East US,3.67,3.06,2.27,,instance NC24ads A100 v4,,
https://web.archive.org/web/20231209124013/https://aws.amazon.com/ec2/instance-types/p2/,2023-12-09,NVIDIA Tesla K80,NVIDIA,Amazon Web Services,US East (Northern Virginia),0.90,,0.43,,,,
https://web.archive.org/web/20231211031623/https://www.deltacomputer.com/nvidia-dgx-h100-640gb.html,2023-12-11,NVIDIA H100 SXM5 80GB,NVIDIA,,,,,,41197.50,"DGX, 8 GPU, 640GB. Convert Euro to USD: https://www.oanda.com/currency-converter/en/?from=EUR&to=USD&amount=306403.66",,8
https://azure.microsoft.com/en-us/pricing/details/virtual-machines/linux/#pricing,2024-01-29,NVIDIA Tesla K80,NVIDIA,Microsoft Azure,East US,0.91,0.67,0.49,,instance NC6,,
https://lambdalabs.com/service/gpu-cloud,2024-01-29,NVIDIA H100 PCIe,NVIDIA,Lambda Labs,,2.49,,,,https://lambdalabs.com/service/gpu-cloud,,
https://lambdalabs.com/service/gpu-cloud,2024-01-29,NVIDIA H100 SXM5 80GB,NVIDIA,Lambda Labs,,3.49,,,,27.92 for 8x,,
https://azure.microsoft.com/en-us/pricing/details/virtual-machines/linux/#pricing,2024-01-29,NVIDIA Tesla K80,NVIDIA,Microsoft Azure,East US,0.91,0.67,0.49,,instance NC12 have 2 GPUs,,
https://azure.microsoft.com/en-us/pricing/details/virtual-machines/linux/#pricing,2024-01-29,NVIDIA Tesla K80,NVIDIA,Microsoft Azure,East US,1.00,0.74,0.53,,instance NC24r number of GPUs: 4X,,
https://azure.microsoft.com/en-us/pricing/details/virtual-machines/linux/#pricing,2024-01-29,NVIDIA Tesla K80,NVIDIA,Microsoft Azure,East US,0.91,0.67,0.49,,instance NC24 number of GPUs: 4X,,
https://azure.microsoft.com/en-us/pricing/details/virtual-machines/linux/#pricing,2024-01-29,NVIDIA A100,NVIDIA,Microsoft Azure,East US,3.72,3.10,2.30,,instance NC24ads A100 v4 number of GPUs: 1,,
https://azure.microsoft.com/en-us/pricing/details/virtual-machines/linux/#pricing,2024-01-29,NVIDIA A100,NVIDIA,Microsoft Azure,East US,3.72,3.10,2.30,,instance NC48ads A100 v4 number of GPUs: 2,,
https://azure.microsoft.com/en-us/pricing/details/virtual-machines/linux/#pricing,2024-01-29,NVIDIA A100,NVIDIA,Microsoft Azure,East US,3.72,3.10,2.30,,instance NC96ads A100 v4 number of GPUs: 4,,
https://azure.microsoft.com/en-us/pricing/details/virtual-machines/linux/#pricing,2024-01-29,NVIDIA A100,NVIDIA,Microsoft Azure,East US,3.40,2.83,1.70,,instance ND96asr A100 v4 number of GPUs: 8x,,
https://azure.microsoft.com/en-us/pricing/details/virtual-machines/linux/#pricing,2024-01-29,NVIDIA A100 SXM4 80 GB,NVIDIA,Microsoft Azure,East US,4.10,3.53,2.13,,instance ND96amsr A100 v4 number of GPUs: 8x,,
https://azure.microsoft.com/en-us/pricing/details/virtual-machines/linux/#pricing,2024-01-29,NVIDIA P100,NVIDIA,Microsoft Azure,East US,2.07,1.72,1.28,,instance NC6s v2 number of GPUs: 1X,,
https://azure.microsoft.com/en-us/pricing/details/virtual-machines/linux/#pricing,2024-01-29,NVIDIA P100,NVIDIA,Microsoft Azure,East US,2.07,1.72,1.28,,instance NC12s v2 number of GPUs: 2X,,
https://azure.microsoft.com/en-us/pricing/details/virtual-machines/linux/#pricing,2024-01-29,NVIDIA P100,NVIDIA,Microsoft Azure,East US,2.28,1.90,1.40,,instance NC24rs v2 number of GPUs: 4X,,
https://azure.microsoft.com/en-us/pricing/details/virtual-machines/linux/#pricing,2024-01-29,NVIDIA P100,NVIDIA,Microsoft Azure,East US,2.07,1.72,1.28,,instance NC24s v2 number of GPUs: 4X,,
https://azure.microsoft.com/en-us/pricing/details/virtual-machines/linux/#pricing,2024-01-29,NVIDIA V100,NVIDIA,Microsoft Azure,East US,3.06,2.24,1.63,,instance NC6s v3 number of GPUs: 1X OS/Software: CentOS or Ubuntu Linux,,
https://azure.microsoft.com/en-us/pricing/details/virtual-machines/linux/#pricing,2024-01-29,NVIDIA V100,NVIDIA,Microsoft Azure,East US,3.06,2.24,1.63,,instance NC12s v3 number of GPUs: 2X OS/Software: CentOS or Ubuntu Linux,,
https://azure.microsoft.com/en-us/pricing/details/virtual-machines/linux/#pricing,2024-01-29,NVIDIA V100,NVIDIA,Microsoft Azure,East US,3.37,2.47,1.79,,instance NC24rs v3 number of GPUs: 4X OS/Software: CentOS or Ubuntu Linux,,
https://azure.microsoft.com/en-us/pricing/details/virtual-machines/linux/#pricing,2024-01-29,NVIDIA V100,NVIDIA,Microsoft Azure,East US,3.06,2.24,1.63,,instance NC24s v3 number of GPUs: 4X OS/Software: CentOS or Ubuntu Linux,,
https://azure.microsoft.com/en-us/pricing/details/virtual-machines/linux/#pricing,2024-01-29,NVIDIA V100,NVIDIA,Microsoft Azure,East US,2.75,2.29,1.70,,instance ND40rs v2 number of GPUs: 8X OS/Software: CentOS or Ubuntu Linux,,
https://github.com/the-full-stack/website/blob/main/docs/cloud-gpus/cloud-gpus.csv,2024-02-14,NVIDIA A100 SXM4 80 GB,NVIDIA,NovoNimbus,,2.73,,,,,A100 (80 GB),8
https://github.com/the-full-stack/website/blob/main/docs/cloud-gpus/cloud-gpus.csv,2024-02-14,NVIDIA RTX A6000,NVIDIA,NovoNimbus,,0.89,,,,,RTX A6000 (48 GB),1
https://github.com/the-full-stack/website/blob/main/docs/cloud-gpus/cloud-gpus.csv,2024-02-14,NVIDIA H100 SXM5 80GB,NVIDIA,NovoNimbus,,4.78,,,,,H100 HGX (80GB),8
https://github.com/the-full-stack/website/blob/main/docs/cloud-gpus/cloud-gpus.csv,2024-02-14,NVIDIA A100 SXM4 80 GB,NVIDIA,NovoNimbus,,2.73,,,,,A100 (80 GB),1
https://github.com/the-full-stack/website/blob/main/docs/cloud-gpus/cloud-gpus.csv,2024-02-14,NVIDIA H100 PCIe,NVIDIA,NovoNimbus,,4.29,,,,,H100 PCIe (80GB),8
https://github.com/the-full-stack/website/blob/main/docs/cloud-gpus/cloud-gpus.csv,2024-02-14,NVIDIA RTX A6000,NVIDIA,NovoNimbus,,0.89,,,,,RTX A6000 (48 GB),8
https://github.com/the-full-stack/website/blob/main/docs/cloud-gpus/cloud-gpus.csv,2024-02-14,NVIDIA RTX A6000,NVIDIA,NovoNimbus,,0.89,,,,,RTX A6000 (48 GB),2
https://github.com/the-full-stack/website/blob/main/docs/cloud-gpus/cloud-gpus.csv,2024-02-14,NVIDIA H100 SXM5 80GB,NVIDIA,NovoNimbus,,4.78,,,,,H100 HGX (80GB),2
https://github.com/the-full-stack/website/blob/main/docs/cloud-gpus/cloud-gpus.csv,2024-02-14,NVIDIA RTX A6000,NVIDIA,NovoNimbus,,0.89,,,,,RTX A6000 (48 GB),4
https://github.com/the-full-stack/website/blob/main/docs/cloud-gpus/cloud-gpus.csv,2024-02-14,NVIDIA H100 SXM5 80GB,NVIDIA,NovoNimbus,,4.78,,,,,H100 HGX (80GB),4
https://github.com/the-full-stack/website/blob/main/docs/cloud-gpus/cloud-gpus.csv,2024-02-14,NVIDIA A100 SXM4 80 GB,NVIDIA,NovoNimbus,,2.73,,,,,A100 (80 GB),2
https://github.com/the-full-stack/website/blob/main/docs/cloud-gpus/cloud-gpus.csv,2024-02-14,NVIDIA A100 SXM4 80 GB,NVIDIA,NovoNimbus,,2.73,,,,,A100 (80 GB),4
https://github.com/the-full-stack/website/blob/main/docs/cloud-gpus/cloud-gpus.csv,2024-02-14,NVIDIA H100 PCIe,NVIDIA,NovoNimbus,,4.29,,,,,H100 PCIe (80GB),1
https://github.com/the-full-stack/website/blob/main/docs/cloud-gpus/cloud-gpus.csv,2024-02-14,NVIDIA H100 PCIe,NVIDIA,NovoNimbus,,4.29,,,,,H100 PCIe (80GB),2
https://github.com/the-full-stack/website/blob/main/docs/cloud-gpus/cloud-gpus.csv,2024-02-14,NVIDIA H100 SXM5 80GB,NVIDIA,NovoNimbus,,4.78,,,,,H100 HGX (80GB),1
https://github.com/the-full-stack/website/blob/main/docs/cloud-gpus/cloud-gpus.csv,2024-02-14,NVIDIA H100 PCIe,NVIDIA,NovoNimbus,,4.29,,,,,H100 PCIe (80GB),4
https://web.archive.org/web/20240917214529/https://cryptoslate.com/groq-20000-lpu-card-breaks-ai-performance-records-to-rival-gpu-led-industry/,2024-02-20,GroqChip LPU v1,,,,,,,19948.00,,,
https://github.com/the-full-stack/website/blob/main/docs/cloud-gpus/cloud-gpus.csv,2024-02-23,NVIDIA A100 SXM4 80 GB,NVIDIA,CR8DL,,3.40,,,,AZ1-A10080-8G,A100 (80 GB),8
https://github.com/the-full-stack/website/blob/main/docs/cloud-gpus/cloud-gpus.csv,2024-02-23,NVIDIA A100 SXM4 80 GB,NVIDIA,CR8DL,,3.40,,,,AZ1-A10080-1G,A100 (80 GB),1
https://web.archive.org/web/20240226183104/https://oblivus.com/pricing/,2024-02-26,NVIDIA H100 SXM5 80GB,NVIDIA,Oblivus Cloud,,,3.62,2.59,,,,
https://web.archive.org/web/20240226183104/https://oblivus.com/pricing/,2024-02-26,NVIDIA A100 SXM4 80 GB,NVIDIA,Oblivus Cloud,,,1.69,1.20,,,,
https://web.archive.org/web/20240226183104/https://oblivus.com/pricing/,2024-02-26,NVIDIA A100 SXM4 40 GB,NVIDIA,Oblivus Cloud,,,1.58,1.12,,,,
https://web.archive.org/web/20240226183104/https://oblivus.com/pricing/,2024-02-26,NVIDIA A100 PCIe,NVIDIA,Oblivus Cloud,,2.41,1.69,1.20,,,80GB,
https://web.archive.org/web/20240226183104/https://oblivus.com/pricing/,2024-02-26,NVIDIA A40 PCIe,NVIDIA,Oblivus Cloud,,1.40,0.98,0.70,,,,
https://web.archive.org/web/20240226183104/https://oblivus.com/pricing/,2024-02-26,NVIDIA RTX A6000,NVIDIA,Oblivus Cloud,,1.40,0.98,0.70,,,,
https://web.archive.org/web/20240226183104/https://oblivus.com/pricing/,2024-02-26,NVIDIA RTX A5000,NVIDIA,Oblivus Cloud,,0.84,0.59,0.42,,,,
https://web.archive.org/web/20240226183104/https://oblivus.com/pricing/,2024-02-26,NVIDIA RTX A4000,NVIDIA,Oblivus Cloud,,0.67,0.47,0.33,,,,
https://web.archive.org/web/20240226183104/https://oblivus.com/pricing/,2024-02-26,NVIDIA Tesla V100 SXM2 16 GB,NVIDIA,Oblivus Cloud,,0.87,0.61,0.43,,,,
https://web.archive.org/web/20240226183104/https://oblivus.com/pricing/,2024-02-26,NVIDIA Tesla V100 PCIe 16 GB,NVIDIA,Oblivus Cloud,,0.51,0.36,0.25,,,,
https://web.archive.org/web/20240226183104/https://oblivus.com/pricing/,2024-02-26,NVIDIA Quadro RTX 5000,NVIDIA,Oblivus Cloud,,0.62,0.43,0.31,,,,
https://web.archive.org/web/20240226183104/https://oblivus.com/pricing/,2024-02-26,NVIDIA Quadro RTX 4000,NVIDIA,Oblivus Cloud,,0.27,0.19,0.13,,,,
https://web.archive.org/web/20240320115454/https://www.deltacomputer.com/nvidia-dgx-h100-640gb.html,2024-03-20,NVIDIA H100 SXM5 80GB,NVIDIA,,,,,,41217.00,"DGX, 8 GPU, 640GB. Convert Euro to USD: https://www.oanda.com/currency-converter/en/?from=EUR&to=USD&amount=303610.2",,8
https://web.archive.org/web/20240321212632/https://www.dihuni.com/product/supermicro-8125gs-tnhr-server/,2024-03-21,NVIDIA H100 SXM5 80GB,NVIDIA,,,,,,37080.50,"HGX, 8 GPU, 640GB",,8
https://web.archive.org/web/20241203142605/https://www.techradar.com/pro/intel-discloses-list-prices-of-its-gaudi-3-and-gaudi-2-ai-accelerators-and-were-in-for-a-shock-rivals-to-iconic-nvidias-h100-gpu-have-a-much-better-performance-per-dollar-ratio-but-will-it-matter,2024-06-09,Intel Habana Gaudi2,Intel,,,,,,8125.00,$65k for 8,,8
https://web.archive.org/web/20240625062541/https://oblivus.com/pricing/,2024-06-25,NVIDIA H100 SXM5 80GB,NVIDIA,Oblivus Cloud,,3.45,,,,,"H100 80GB NVLINK 
(32 vCPU - 180GB RAM - 825GB NVMe)",
https://web.archive.org/web/20240625062541/https://oblivus.com/pricing/,2024-06-25,NVIDIA H100 PCIe,NVIDIA,Oblivus Cloud,,3.25,,,,,"H100 80GB PCIE 
(28 vCPU - 180GB RAM - 850GB NVMe)",
https://web.archive.org/web/20240625062541/https://oblivus.com/pricing/,2024-06-25,NVIDIA A100 SXM4 80 GB,NVIDIA,Oblivus Cloud,,2.25,,,,,"A100 80GB NVLINK 
(32 vCPU - 240GB RAM - 825GB NVMe)",
https://web.archive.org/web/20240625062541/https://oblivus.com/pricing/,2024-06-25,NVIDIA A100 PCIe,NVIDIA,Oblivus Cloud,,2.10,,,,,"A100 80GB PCIE 
(28 vCPU - 120GB RAM - 850GB NVMe)",
https://web.archive.org/web/20240625062541/https://oblivus.com/pricing/,2024-06-25,NVIDIA L40,NVIDIA,Oblivus Cloud,,1.19,,,,,"L40 
(28 vCPU - 58GB RAM - 825GB NVMe)",
https://web.archive.org/web/20240625062541/https://oblivus.com/pricing/,2024-06-25,NVIDIA RTX A6000,NVIDIA,Oblivus Cloud,,1.00,,,,,"RTX A6000 
(16 vCPU - 60GB RAM - 425GB NVMe)",
https://web.archive.org/web/20240625062541/https://oblivus.com/pricing/,2024-06-25,NVIDIA RTX A5000,NVIDIA,Oblivus Cloud,,0.49,,,,,"RTX A5000 
(8 vCPU - 30GB RAM - 200GB NVMe)",
https://web.archive.org/web/20240625062541/https://oblivus.com/pricing/,2024-06-25,NVIDIA RTX A4000,NVIDIA,Oblivus Cloud,,0.29,,,,,"RTX A4000 
(6 vCPU - 24GB RAM - 160GB NVMe)",
https://web.archive.org/web/20240711213314/https://lambdalabs.com/service/gpu-cloud,2024-07-11,NVIDIA H100 SXM5 80GB,NVIDIA,Lambda Labs,,3.49,,,,,H100 SXM (80GB),8
https://web.archive.org/web/20240711213314/https://lambdalabs.com/service/gpu-cloud,2024-07-11,NVIDIA H100 PCIe,NVIDIA,Lambda Labs,,2.49,,,,,H100 PCIe (80GB),1
https://web.archive.org/web/20240711213314/https://lambdalabs.com/service/gpu-cloud,2024-07-11,NVIDIA A100 SXM4 40 GB,NVIDIA,Lambda Labs,,1.29,,,,,,1
https://web.archive.org/web/20240711213314/https://lambdalabs.com/service/gpu-cloud,2024-07-11,NVIDIA A100 PCIe,NVIDIA,Lambda Labs,,1.29,,,,,A100 PCIe (40GB),1
https://web.archive.org/web/20240717050546/https://salad.com/pricing,2024-07-17,NVIDIA GeForce RTX 2080 Ti,NVIDIA,Salad,,0.10,,,,,,
https://web.archive.org/web/20240727085500/https://www.runpod.io/pricing,2024-07-27,NVIDIA H100 PCIe,NVIDIA,RunPod,,3.29,,,,,80GB,
https://web.archive.org/web/20240727085500/https://www.runpod.io/pricing,2024-07-27,NVIDIA H100 SXM5 80GB,NVIDIA,RunPod,,3.99,,,,,,
https://web.archive.org/web/20240727085500/https://www.runpod.io/pricing,2024-07-27,NVIDIA A100 PCIe,NVIDIA,RunPod,,1.69,,,,,80GB,
https://web.archive.org/web/20240727085500/https://www.runpod.io/pricing,2024-07-27,NVIDIA A100 SXM4 80 GB,NVIDIA,RunPod,,1.94,,,,,,
https://web.archive.org/web/20240727085500/https://www.runpod.io/pricing,2024-07-27,NVIDIA A40 PCIe,NVIDIA,RunPod,,0.47,,,,,,
https://web.archive.org/web/20240727085500/https://www.runpod.io/pricing,2024-07-27,NVIDIA RTX A6000,NVIDIA,RunPod,,0.76,,,,,,
https://web.archive.org/web/20240727085500/https://www.runpod.io/pricing,2024-07-27,NVIDIA RTX A5000,NVIDIA,RunPod,,0.43,,,,,,
https://web.archive.org/web/20240727085500/https://www.runpod.io/pricing,2024-07-27,NVIDIA GeForce RTX 3090,NVIDIA,RunPod,,0.43,,,,,,
https://web.archive.org/web/20240727085500/https://www.runpod.io/pricing,2024-07-27,NVIDIA L40,NVIDIA,RunPod,,0.99,,,,,,
https://web.archive.org/web/20240727085500/https://www.runpod.io/pricing,2024-07-27,NVIDIA L40S,NVIDIA,RunPod,,1.19,,,,,,
https://web.archive.org/web/20240727085500/https://www.runpod.io/pricing,2024-07-27,NVIDIA RTX 6000 Ada Generation,NVIDIA,RunPod,,1.03,,,,,,
https://web.archive.org/web/20240727085500/https://www.runpod.io/pricing,2024-07-27,NVIDIA GeForce RTX 4090,NVIDIA,RunPod,,0.69,,,,,,
https://web.archive.org/web/20240727085500/https://www.runpod.io/pricing,2024-07-27,NVIDIA GeForce RTX 3090 Ti,NVIDIA,RunPod,,0.27,,,,,,
https://web.archive.org/web/20240727085500/https://www.runpod.io/pricing,2024-07-27,NVIDIA A30 PCIe,NVIDIA,RunPod,,0.22,,,,,,
https://web.archive.org/web/20240727085500/https://www.runpod.io/pricing,2024-07-27,NVIDIA RTX A4500,NVIDIA,RunPod,,0.35,,,,,,
https://web.archive.org/web/20240727085500/https://www.runpod.io/pricing,2024-07-27,NVIDIA GeForce RTX 3080,NVIDIA,RunPod,,0.17,,,,,,
https://web.archive.org/web/20240727085500/https://www.runpod.io/pricing,2024-07-27,NVIDIA GeForce RTX 3070,NVIDIA,RunPod,,0.13,,,,,,
https://web.archive.org/web/20240803060822/https://aws.amazon.com/ec2/instance-types/p4/,2024-08-03,NVIDIA A100 SXM4 40 GB,NVIDIA,Amazon Web Services,US East (Northern Virginia),4.10,2.40,1.45,,"$32.77 (On-demand, per hour, per 8 GPUs) / 8 = $4.1; $19.22 (1-year CUD, per hour, per 8 GPUs) / 8 = $2.4; $11.57 (3-year CUD, per hour, per 8 GPUs) / 8 = $1.45",,8
https://web.archive.org/web/20240803060822/https://aws.amazon.com/ec2/instance-types/p4/,2024-08-03,NVIDIA A100 SXM4 80 GB,NVIDIA,Amazon Web Services,US East (Northern Virginia),5.12,3.00,1.81,,"$40.96 (On-demand, per hour, per 8 GPUs) / 8 = $5.12; $24.01 (1-year CUD, per hour, per 8 GPUs) / 8 = $3; $14.46 (3-year CUD, per hour, per 8 GPUs) / 8 = $1.81",,8
https://web.archive.org/web/20240806065220/https://www.cr8dl.ai/cloud-gpu,2024-08-24,NVIDIA H800 SXM5,NVIDIA,CR8DL,,3.42,,,,,80GB,
https://web.archive.org/web/20240806065220/https://www.cr8dl.ai/cloud-gpu,2024-08-24,NVIDIA H100 SXM5 80GB,NVIDIA,CR8DL,,3.95,,,,,,
https://web.archive.org/web/20240806065220/https://www.cr8dl.ai/cloud-gpu,2024-08-24,NVIDIA A100 SXM4 80 GB,NVIDIA,CR8DL,,2.93,,,,,,
https://web.archive.org/web/20240826170830/https://cloud.google.com/tpu/pricing,2024-08-26,Google TPU v5e,Google,Google Cloud,"Iowa (us-central1),Oregon,East US",1.20,0.84,0.54,,,,
https://web.archive.org/web/20240826170830/https://cloud.google.com/tpu/pricing,2024-08-26,Google TPU v5e,Google,Google Cloud,Belgium,1.32,0.92,0.59,,,,
https://web.archive.org/web/20240826170830/https://cloud.google.com/tpu/pricing,2024-08-26,Google TPU v5e,Google,Google Cloud,"Netherlands (europe-west4),Singapore (asia-southeast1)",1.56,1.09,0.70,,,,
https://web.archive.org/web/20240826170830/https://cloud.google.com/tpu/pricing,2024-08-26,Google TPU v4,Google,Google Cloud,us-central2-b,3.22,2.03,1.45,,,TPU v4 pod,
https://web.archive.org/web/20240901231348/https://lambdalabs.com/service/gpu-cloud,2024-09-01,NVIDIA H100 PCIe,NVIDIA,Lambda Labs,,2.49,,,,,H100 PCIe (80GB),1
https://web.archive.org/web/20240901231348/https://lambdalabs.com/service/gpu-cloud,2024-09-01,NVIDIA A100 SXM4 40 GB,NVIDIA,Lambda Labs,,1.29,,,,,,1
https://web.archive.org/web/20240901231348/https://lambdalabs.com/service/gpu-cloud,2024-09-01,NVIDIA A100 PCIe,NVIDIA,Lambda Labs,,1.29,,,,,A100 PCIe (40GB),1
https://web.archive.org/web/20240901231348/https://lambdalabs.com/service/gpu-cloud,2024-09-01,NVIDIA H100 SXM5 80GB,NVIDIA,Lambda Labs,,2.99,,,,,H100 SXM (80GB),8
https://web.archive.org/web/20241004135147/https://www.deltacomputer.com/d14n-m2-gh.html,2024-10-31,NVIDIA GH200,NVIDIA,,,,,,46675.10,Euro to USD https://www.oanda.com/currency-converter/en/?from=EUR&to=USD&amount=43066.13,,
https://web.archive.org/web/20241119072257/https://lambdalabs.com/service/gpu-cloud,2024-11-29,NVIDIA H100 SXM5 80GB,NVIDIA,Lambda Labs,,3.29,,,,,H100 SXM (80GB),1
https://web.archive.org/web/20241119072257/https://lambdalabs.com/service/gpu-cloud,2024-11-29,NVIDIA H100 PCIe,NVIDIA,Lambda Labs,,2.49,,,,,H100 PCIe (80GB),1
https://web.archive.org/web/20241119072257/https://lambdalabs.com/service/gpu-cloud,2024-11-29,NVIDIA A100 SXM4 40 GB,NVIDIA,Lambda Labs,,1.29,,,,,,1
https://web.archive.org/web/20241119072257/https://lambdalabs.com/service/gpu-cloud,2024-11-29,NVIDIA A100 PCIe,NVIDIA,Lambda Labs,,1.29,,,,,A100 PCIe (40GB),1
https://web.archive.org/web/20241217210350/https://www.deltacomputer.com/nvidia-dgx-b200-1440gb.html,2024-12-17,NVIDIA B200,NVIDIA,,,,,,47409.13,"DGX, 8 GPU, euro to USD",,8
https://archive.ph/TxlLv,2025-01-31,NVIDIA H200 SXM,NVIDIA,,,,,,39083.38,"HGX, 8 GPU, on sale",,8
https://archive.ph/miFcW,2025-01-31,NVIDIA H100 SXM5 80GB,NVIDIA,,,,,,31904.63,"HGX, 8 GPU",,8
https://web.archive.org/web/20250210200705/https://smicro.eu/amd-instinct-mi300a-128gb-hbm3-100-200000001h-1,2025-02-10,AMD Instinct MI300A,AMD,,,,,,23876.70,Euro to USD: https://www.oanda.com/currency-converter/en/?from=EUR&to=USD&amount=23126.72,,
https://web.archive.org/web/20250210202751/https://www.interpromicro.com/product/39955-amd-instinct-mi300x-192gb-8-oam-ubb,2025-02-10,AMD Instinct MI300X,AMD,,,,,,25733.71,8 GPU,,8
https://archive.ph/9WHHS,2025-02-21,AMD Radeon Instinct MI250,AMD,,,,,,15770.49,,,
https://archive.ph/W5Vuf,2025-02-21,NVIDIA H800 SXM5,NVIDIA,,,,,,33800.00,,,
https://web.archive.org/web/20250221165332/https://www.abrmicro.com/components/detail/nvidia/DGX-H800-640GB-SXM5-2TB/2949099,2025-02-21,NVIDIA H800 SXM5,NVIDIA,,,,,,44750.00,"DGX, 8 GPU",,8
https://web.archive.org/web/20250221170625/https://viperatech.com/shop/nvidia-a800-customer-deck/?srsltid=AfmBOoptUjb3cQAEf2Mxicsz7OsVh2xJYmolFODYo3rp9ltS5_fOZKYX,2025-02-21,NVIDIA A800 PCIe,NVIDIA,,,,,,17500.00,,,
https://archive.ph/2HhLb,2025-02-21,NVIDIA Tesla K20X,NVIDIA,,,,,,30.00,,,
https://archive.ph/XQXxN,2025-02-21,Intel Data Center GPU Max 1550,Intel,,,,,,8550.00,,,
https://web.archive.org/web/20250228210058/https://lambdalabs.com/service/gpu-cloud,2025-02-28,NVIDIA H100 SXM5 80GB,NVIDIA,Lambda Labs,,3.29,,,,,H100 SXM (80GB),1
https://web.archive.org/web/20250228210058/https://lambdalabs.com/service/gpu-cloud,2025-02-28,NVIDIA H100 PCIe,NVIDIA,Lambda Labs,,2.49,,,,,H100 PCIe (80GB),1
https://web.archive.org/web/20241119072257/https://lambdalabs.com/service/gpu-cloud,2025-02-28,NVIDIA A100 SXM4 40 GB,NVIDIA,Lambda Labs,,1.29,,,,,,1
https://web.archive.org/web/20250228210058/https://lambdalabs.com/service/gpu-cloud,2025-02-28,NVIDIA A100 PCIe,NVIDIA,Lambda Labs,,1.29,,,,,A100 PCIe (40GB),1
https://web.archive.org/web/20250302190228/https://aws.amazon.com/ec2/instance-types/p4/,2025-03-02,NVIDIA A100 SXM4 40 GB,NVIDIA,Amazon Web Services,US East (Northern Virginia),4.10,2.40,1.45,,"$32.77 (On-demand, per hour, per 8 GPUs) / 8 = $4.1; $19.22 (1-year CUD, per hour, per 8 GPUs) / 8 = $2.4; $11.57 (3-year CUD, per hour, per 8 GPUs) / 8 = $1.45",,8
https://web.archive.org/web/20250302190228/https://aws.amazon.com/ec2/instance-types/p4/,2025-03-02,NVIDIA A100 SXM4 80 GB,NVIDIA,Amazon Web Services,US East (Northern Virginia),5.12,3.00,1.81,,"$40.96 (On-demand, per hour, per 8 GPUs) / 8 = $5.12; $24.01 (1-year CUD, per hour, per 8 GPUs) / 8 = $3; $14.46 (3-year CUD, per hour, per 8 GPUs) / 8 = $1.81",,8
https://web.archive.org/web/20250302193547/https://azure.microsoft.com/en-us/pricing/details/virtual-machines/linux/#pricing,2025-03-02,NVIDIA A100 SXM4 80 GB,NVIDIA,Microsoft Azure,East US,3.67,3.06,2.27,,instance NC24ads A100 v4,,1
https://web.archive.org/web/20250303142536/https://cloud.google.com/tpu/pricing,2025-03-03,Google TPU v5e,Google,Google Cloud,"Iowa (us-central1),Oregon,East US",1.20,0.84,0.54,,,,
https://web.archive.org/web/20250303142536/https://cloud.google.com/tpu/pricing,2025-03-03,Google TPU v5e,Google,Google Cloud,Belgium,1.32,0.92,0.59,,,,
https://web.archive.org/web/20250303142536/https://cloud.google.com/tpu/pricing,2025-03-03,Google TPU v5e,Google,Google Cloud,"Netherlands (europe-west4),Singapore (asia-southeast1)",1.56,1.09,0.70,,,,
https://web.archive.org/web/20250303142536/https://cloud.google.com/tpu/pricing,2025-03-03,Google TPU v4,Google,Google Cloud,us-central2-b,3.22,2.03,1.45,,,TPU v4 pod,
https://web.archive.org/web/20250303150758/https://cloud.google.com/compute/gpus-pricing?hl=ru,2025-03-03,NVIDIA V100,NVIDIA,Google Cloud,"Iowa (us-central1),Oregon",2.48,1.56,1.12,,,16 GB HBM2,1
https://web.archive.org/web/20250303150758/https://cloud.google.com/compute/gpus-pricing?hl=ru,2025-03-03,NVIDIA V100,NVIDIA,Google Cloud,Netherlands (europe-west4),2.55,1.61,1.15,,,16 GB HBM2,1
https://web.archive.org/web/20250303152456/https://azure.microsoft.com/en-us/pricing/details/virtual-machines/linux/#pricing,2025-03-03,NVIDIA V100,NVIDIA,Microsoft Azure,East US,3.06,2.24,1.63,,,,1
https://web.archive.org/web/20250303152456/https://azure.microsoft.com/en-us/pricing/details/virtual-machines/linux/#pricing,2025-03-03,NVIDIA V100,NVIDIA,Microsoft Azure,Central US,3.46,2.60,2.00,,,,1
https://web.archive.org/web/20250303153131/https://oblivus.com/pricing/,2025-03-03,NVIDIA H100 SXM5 80GB,NVIDIA,Oblivus Cloud,,2.94,,,,,"H100 80GB SXM5
24 vCPU  225GB RAM  4013GB NVMe",
https://web.archive.org/web/20250303153131/https://oblivus.com/pricing/,2025-03-03,NVIDIA H100 PCIe,NVIDIA,Oblivus Cloud,,1.98,,,,,"H100 80GB PCIE
28 vCPU  180GB RAM  850GB NVMe",
https://web.archive.org/web/20250303153131/https://oblivus.com/pricing/,2025-03-03,NVIDIA A100 SXM4 80 GB,NVIDIA,Oblivus Cloud,,1.57,,,,,"A100 80GB NVLINK
32 vCPU  240GB RAM  825GB NVMe",
https://web.archive.org/web/20250303153131/https://oblivus.com/pricing/,2025-03-03,NVIDIA A100 PCIe,NVIDIA,Oblivus Cloud,,1.47,,,,,"A100 80GB PCIE
28 vCPU  120GB RAM  850GB NVMe",
https://web.archive.org/web/20250303153131/https://oblivus.com/pricing/,2025-03-03,NVIDIA L40,NVIDIA,Oblivus Cloud,,1.05,,,,,"L40
28 vCPU  58GB RAM  825GB NVMe",
https://web.archive.org/web/20250303153131/https://oblivus.com/pricing/,2025-03-03,NVIDIA GeForce RTX 4090,NVIDIA,Oblivus Cloud,,0.64,,,,,"RTX 4090
12 vCPU  70GB RAM  850GB NVMe",
https://web.archive.org/web/20250303153131/https://oblivus.com/pricing/,2025-03-03,NVIDIA RTX A6000,NVIDIA,Oblivus Cloud,,0.55,,,,,"RTX A6000
28 vCPU  58GB RAM  100GB NVMe",
https://web.archive.org/web/20250303170410/https://www.cr8dl.ai/cloud-gpu,2025-03-03,NVIDIA H800 SXM5,NVIDIA,CR8DL,,3.42,,,,,80GB,
https://web.archive.org/web/20250303170410/https://www.cr8dl.ai/cloud-gpu,2025-03-03,NVIDIA A100 SXM4 80 GB,NVIDIA,CR8DL,,2.93,,,,,,
https://web.archive.org/web/20250303170410/https://www.cr8dl.ai/cloud-gpu,2025-03-03,NVIDIA H100 SXM5 80GB,NVIDIA,CR8DL,,3.95,,,,,,
https://web.archive.org/web/20250303172225/https://www.runpod.io/pricing,2025-03-03,NVIDIA H100 SXM5 80GB,NVIDIA,RunPod,,2.99,,,,,,
https://web.archive.org/web/20250303172225/https://www.runpod.io/pricing,2025-03-03,NVIDIA RTX A6000,NVIDIA,RunPod,,0.76,,,,,,
https://web.archive.org/web/20250303172225/https://www.runpod.io/pricing,2025-03-03,NVIDIA A40 PCIe,NVIDIA,RunPod,,0.44,,,,,,
https://web.archive.org/web/20250303172225/https://www.runpod.io/pricing,2025-03-03,NVIDIA L40,NVIDIA,RunPod,,0.99,,,,,,
https://web.archive.org/web/20250303172225/https://www.runpod.io/pricing,2025-03-03,NVIDIA L40S,NVIDIA,RunPod,,0.86,,,,,,
https://web.archive.org/web/20250303172225/https://www.runpod.io/pricing,2025-03-03,NVIDIA RTX 6000 Ada Generation,NVIDIA,RunPod,,0.77,,,,,,
https://web.archive.org/web/20250303172225/https://www.runpod.io/pricing,2025-03-03,NVIDIA L4,NVIDIA,RunPod,,0.43,,,,,,
https://web.archive.org/web/20250303172225/https://www.runpod.io/pricing,2025-03-03,NVIDIA RTX A5000,NVIDIA,RunPod,,0.36,,,,,,
https://web.archive.org/web/20250303172225/https://www.runpod.io/pricing,2025-03-03,NVIDIA GeForce RTX 3090,NVIDIA,RunPod,,0.43,,,,,,
https://web.archive.org/web/20250303172225/https://www.runpod.io/pricing,2025-03-03,NVIDIA GeForce RTX 4090,NVIDIA,RunPod,,0.69,,,,,,
https://web.archive.org/web/20250303172225/https://www.runpod.io/pricing,2025-03-03,NVIDIA RTX A4000,NVIDIA,RunPod,,0.32,,,,,,
https://web.archive.org/web/20250303172225/https://www.runpod.io/pricing,2025-03-03,NVIDIA RTX A4500,NVIDIA,RunPod,,0.34,,,,,,
https://web.archive.org/web/20250303172225/https://www.runpod.io/pricing,2025-03-03,NVIDIA H100 PCIe,NVIDIA,RunPod,,2.39,,,,,,
https://web.archive.org/web/20250303172225/https://www.runpod.io/pricing,2025-03-03,NVIDIA A100 SXM4 80 GB,NVIDIA,RunPod,,1.89,,,,,,
https://web.archive.org/web/20250303172225/https://www.runpod.io/pricing,2025-03-03,NVIDIA A100 PCIe,NVIDIA,RunPod,,1.64,,,,,80GB,
https://web.archive.org/web/20250303172225/https://www.runpod.io/pricing,2025-03-03,NVIDIA GeForce RTX 3090 Ti,NVIDIA,RunPod,,0.27,,,,,,
https://web.archive.org/web/20250303172225/https://www.runpod.io/pricing,2025-03-03,NVIDIA Tesla V100 PCIe 16 GB,NVIDIA,RunPod,,0.19,,,,,,
https://web.archive.org/web/20250303172225/https://www.runpod.io/pricing,2025-03-03,NVIDIA GeForce RTX 3080,NVIDIA,RunPod,,0.17,,,,,,
https://web.archive.org/web/20250301185658/https://vast.ai/,2025-03-03,NVIDIA GeForce RTX 4090,NVIDIA,vast.ai,,0.35,,,,,,
https://web.archive.org/web/20250301185658/https://vast.ai/,2025-03-03,NVIDIA GeForce RTX 3090,NVIDIA,vast.ai,,0.18,,,,,,
https://web.archive.org/web/20250301185658/https://vast.ai/,2025-03-03,NVIDIA RTX A6000,NVIDIA,vast.ai,,0.50,,,,,,
https://web.archive.org/web/20250301185658/https://vast.ai/,2025-03-03,NVIDIA RTX A5000,NVIDIA,vast.ai,,0.15,,,,,,
https://web.archive.org/web/20250301185658/https://vast.ai/,2025-03-03,NVIDIA A40 PCIe,NVIDIA,vast.ai,,0.12,,,,,,
https://web.archive.org/web/20250303181940/https://salad.com/pricing,2025-03-03,NVIDIA GeForce RTX 2080 Ti,NVIDIA,Salad,,0.08,,,,,,
https://web.archive.org/web/20250303181940/https://salad.com/pricing,2025-03-03,NVIDIA GeForce RTX 4090,NVIDIA,Salad,,0.20,,,,,,
https://web.archive.org/web/20250303181940/https://salad.com/pricing,2025-03-03,NVIDIA GeForce RTX 3090 Ti,NVIDIA,Salad,,0.15,,,,,,
https://web.archive.org/web/20250303181940/https://salad.com/pricing,2025-03-03,NVIDIA GeForce RTX 3090,NVIDIA,Salad,,0.12,,,,,,
https://web.archive.org/web/20250303181940/https://salad.com/pricing,2025-03-03,NVIDIA GeForce RTX 4080,NVIDIA,Salad,,0.15,,,,,,
https://web.archive.org/web/20250303181940/https://salad.com/pricing,2025-03-03,NVIDIA GeForce RTX 4070 Ti,NVIDIA,Salad,,0.12,,,,,,
https://web.archive.org/web/20250303181940/https://salad.com/pricing,2025-03-03,NVIDIA GeForce RTX 3080 Ti,NVIDIA,Salad,,0.12,,,,,,
https://web.archive.org/web/20250303181940/https://salad.com/pricing,2025-03-03,NVIDIA GeForce RTX 3060,NVIDIA,Salad,,0.08,,,,,,
https://web.archive.org/web/20250303181940/https://salad.com/pricing,2025-03-03,NVIDIA GeForce RTX 3080,NVIDIA,Salad,,0.11,,,,,,
https://web.archive.org/web/20250303181940/https://salad.com/pricing,2025-03-03,NVIDIA GeForce RTX 3070 Ti,NVIDIA,Salad,,0.09,,,,,,
https://web.archive.org/web/20250303181940/https://salad.com/pricing,2025-03-03,NVIDIA GeForce RTX 3070,NVIDIA,Salad,,0.09,,,,,,
https://web.archive.org/web/20250303181940/https://salad.com/pricing,2025-03-03,NVIDIA GeForce RTX 3060 Ti,NVIDIA,Salad,,0.06,,,,,,
https://web.archive.org/web/20250303182935/https://vast.ai/pricing/gpu/A800-PCIE,2025-03-03,NVIDIA A800 PCIe,NVIDIA,vast.ai,,0.94,,,,,,
https://web.archive.org/save/https://www.cudocompute.com/products/gpu-cloud,2025-03-03,NVIDIA A800 PCIe,NVIDIA,Cudo Compute,,0.80,,,,,,
https://web.archive.org/save/https://www.cudocompute.com/products/gpu-cloud,2025-03-03,NVIDIA H100 SXM5 80GB,NVIDIA,Cudo Compute,,2.45,,,,,,
https://web.archive.org/save/https://www.cudocompute.com/products/gpu-cloud,2025-03-03,NVIDIA H100 PCIe,NVIDIA,Cudo Compute,,2.45,,,,,94GB,
https://web.archive.org/save/https://www.cudocompute.com/products/gpu-cloud,2025-03-03,NVIDIA A100 PCIe,NVIDIA,Cudo Compute,,1.50,,,,,,
https://web.archive.org/save/https://www.cudocompute.com/products/gpu-cloud,2025-03-03,NVIDIA L40S,NVIDIA,Cudo Compute,,0.88,,,,,,
https://web.archive.org/save/https://www.cudocompute.com/products/gpu-cloud,2025-03-03,NVIDIA RTX A6000,NVIDIA,Cudo Compute,,0.45,,,,,,
https://web.archive.org/save/https://www.cudocompute.com/products/gpu-cloud,2025-03-03,NVIDIA A40 PCIe,NVIDIA,Cudo Compute,,0.39,,,,,,
https://web.archive.org/save/https://www.cudocompute.com/products/gpu-cloud,2025-03-03,NVIDIA Tesla V100 PCIe 16 GB,NVIDIA,Cudo Compute,,0.39,,,,,,
https://web.archive.org/save/https://www.cudocompute.com/products/gpu-cloud,2025-03-03,NVIDIA RTX 4000 SFF Ada Generation,NVIDIA,Cudo Compute,,0.37,,,,,,
https://web.archive.org/save/https://www.cudocompute.com/products/gpu-cloud,2025-03-03,NVIDIA RTX A5000,NVIDIA,Cudo Compute,,0.35,,,,,,
https://web.archive.org/save/https://www.cudocompute.com/products/gpu-cloud,2025-03-03,NVIDIA RTX A4000,NVIDIA,Cudo Compute,,0.30,,,,,,
https://web.archive.org/web/20250303142536/https://cloud.google.com/tpu/pricing,2025-03-03,Google TPU v6e,Google,Google Cloud,East US,2.70,1.89,1.22,,,,
https://web.archive.org/web/20250303142536/https://cloud.google.com/tpu/pricing,2025-03-03,Google TPU v6e,Google,Google Cloud,Netherlands (europe-west4),2.97,2.08,1.34,,,,
https://web.archive.org/web/20250303142536/https://cloud.google.com/tpu/pricing,2025-03-03,Google TPU v6e,Google,Google Cloud,Japan (asia-northeast1),3.24,2.27,1.46,,,,
https://web.archive.org/web/20250303193344/https://anafrashop.com/nvidia-h100-94gb-hbm2-900-21010-0020-000-2,2025-03-03,NVIDIA H100 PCIe,NVIDIA,,,,,,35098.15,CIe 5.0 x16 Memory size: 94 GB Memory type: HBM3 Stream processors: 14592 Number of tensor cores: 456 Theoretical performance: 51.22 TFLOP,94GB,
https://web.archive.org/web/20250303193957/https://anafrashop.com/nvidia-a40-48gb-gddr6-pcie-4-0-passive-cooling-w-o-ce-48gb-gddr6-900-2g133-0000-100-4,2025-03-03,NVIDIA A40 PCIe,NVIDIA,,,,,,5842.94,,,
https://web.archive.org/web/20250303194516/https://anafrashop.com/nvidia-a100-80gb-cowos-hbm2-pcie-w-o-cec-900-21001-0020-100-4,2025-03-03,NVIDIA A100 PCIe,NVIDIA,,,,,,16338.77,,80GB,
https://web.archive.org/web/20250303201649/https://anafrashop.com/nvidia-h800-80gb-pcie-5-0-x16-900-21010-0010-000-5,2025-03-03,NVIDIA H800 PCIe,NVIDIA,,,,,,31728.59,,80GB,
https://web.archive.org/web/20250303195759/https://anafrashop.com/nvidia-tesla-v100-16gb-cowos-hbm2-pcie-3-0-passive-cooling-gpu-nvtv100-16-4,2025-03-03,NVIDIA Tesla V100 PCIe 16 GB,NVIDIA,,,,,,11993.46,,,
https://web.archive.org/web/20250303200431/https://marketplace.uvation.com/nvidia-h100-tensor-core-gpu-80gb-sxm/,2025-03-03,NVIDIA H100 SXM5 80GB,NVIDIA,,,,,,31250.00,,,1
https://web.archive.org/web/20250303201058/https://marketplace.uvation.com/nvidia-rtx-a6000-graphics-card/,2025-03-03,NVIDIA RTX A6000,NVIDIA,,,,,,4280.99,,,
https://web.archive.org/web/20250303201322/https://marketplace.uvation.com/nvidia-h100-tensor-core-gpu-80gb-pcie-new-1/,2025-03-03,NVIDIA H100 PCIe,NVIDIA,,,,,,24500.00,,80GB,
https://web.archive.org/web/20250303201940/https://viperatech.com/shop/nvidia-dgx-h100-p4387-system-640gb/,2025-03-03,NVIDIA H100 SXM5 80GB,NVIDIA,,,,,,46875.00,"$375,000.00 / 8 = 46 875 US$ per chip",,8
https://web.archive.org/web/20250303203945/https://viperatech.com/shop/nvidia-a800-customer-deck/,2025-03-03,NVIDIA A800 PCIe,NVIDIA,,,,,,17500.00,,,
https://web.archive.org/web/20250303204111/https://viperatech.com/shop/nvidia-a100/,2025-03-03,NVIDIA A100 PCIe,NVIDIA,,,,,,18500.00,,80GB,
https://web.archive.org/web/20250303202437/https://viperatech.com/shop/nvidia-h800-sxm5/,2025-03-03,NVIDIA H800 PCIe,NVIDIA,,,,,,33800.00,,,
https://web.archive.org/web/20250303204941/https://www.abrmicro.com/components/detail/nvidia/AD102-301-A1/2949134,2025-03-03,NVIDIA GeForce RTX 4090,NVIDIA,,,,,,1417.20,,,
https://web.archive.org/save/https://www.interpromicro.com/product/40088-nvidia-h100-sxm5-baseboard,2025-03-03,NVIDIA H100 SXM5 80GB,NVIDIA,,,,,,28750.00,"$230,000.00 / 8 = 28 750 US$ per chip",,8
https://web.archive.org/web/20250303210259/https://www.interpromicro.com/product/34630-nvidia-hgx-2-gpu-baseboard-8x-v100-32gb-sxm3,2025-03-03,NVIDIA Tesla V100 SXM3 32 GB,NVIDIA,,,,,,9527.49,"$76,219.95 / 8 = 9 527.49375 US$ per chip",,8
https://web.archive.org/web/20250304183308/https://anafrashop.com/nvidia-delta-hgx-gpu-baseboard-8-a100-80gb-sxm4-935-23587-0000-200-4?gQT=2,2025-03-04,NVIDIA A100 SXM4 80 GB,NVIDIA,,,,,,17348.56,"$138,788.44 / 8 = 17,348.555 US$ per chip",,8
https://web.archive.org/web/20250304183554/https://signalpulse.com/product/nvidia-a100-80gb-sxm-tensor-core-gpu-accelerator/?gQT=2,2025-03-04,NVIDIA A100 SXM4 80 GB,NVIDIA,,,,,,17499.00,Single-unit list price,,1
"https://web.archive.org/web/20250304190150/https://marketplace.nvidia.com/en-us/consumer/graphics-cards/?locale=en-us&page=1&limit=12&gpu=RTX%203080&gpu_filter=RTX%205090~5,RTX%205080~16,RTX%205070%20Ti~3,RTX%204070%20Ti~2,RTX%204060%20Ti~3,RTX%204070%20SUPER~2,RTX%204060~18,RTX%203080~2,RTX%203060~3,GTX%201650~1",2025-03-04,NVIDIA GeForce RTX 3080,NVIDIA,,,,,,1158.94,,,
https://web.archive.org/web/20250304190352/https://stockx.com/nvidia-geforce-rtx-3090-graphics-card-founders-edition-black?country=US&currencyCode=USD&__cf_chl_rt_tk=zqg0BEwv6p.v1d6bqxWk26CJWlhfeCXvkEtyLdt8OyM-1741115032-1.0.1.1-RZFmtfE.c7fHACqmjjJ1loYSkevElIFViRrgIM.0hyI,2025-03-04,NVIDIA GeForce RTX 3090,NVIDIA,,,,,,1070.00,,,
https://web.archive.org/web/20250304190434/https://www.newegg.com/nvidia-geforce-rtx-3090-ti-fe/p/N82E16814132093,2025-03-04,NVIDIA GeForce RTX 3090 Ti,NVIDIA,,,,,,2449.00,,,
https://web.archive.org/web/20250304190844/https://www.newegg.com/nvidia-geforce-rtx-3090-rtx-3090-founders-edition-24gb/p/1FT-0004-00842,2025-03-04,NVIDIA GeForce RTX 3090,NVIDIA,,,,,,2199.00,,,
https://web.archive.org/web/20250304191331/https://www.newegg.com/p/1FT-0004-002U2,2025-03-04,NVIDIA GeForce RTX 2080 Ti,NVIDIA,,,,,,879.00,,,
No source,2020-05-21,NVIDIA A100,NVIDIA,,,,,,24875.00,This is not a real sale price. Estimating the price of a generic A100 SXM based on the previous known release prices.,,8
No source,2021-06-30,NVIDIA A100,NVIDIA,,,,,,31187.50,This is not a real sale price. Estimating the price of a generic A100 SXM based on the previous known release prices.,,8
No source,2022-01-20,NVIDIA A100,NVIDIA,,,,,,20875.00,This is not a real sale price. Estimating the price of a generic A100 SXM based on the previous known release prices.,,8
No source,2023-09-23,NVIDIA A100,NVIDIA,,,,,,18548.75,This is not a real sale price. Estimating the price of a generic A100 SXM based on the previous known release prices.,,8
No source,2025-03-04,NVIDIA A100,NVIDIA,,,,,,17348.56,This is not a real sale price. Estimating the price of a generic A100 SXM based on the previous known release prices.,,8
https://www.microway.com/hpc-tech-tips/nvidia-tesla-v100-price-analysis/,2018-03-27,NVIDIA Tesla V100 SXM2 32 GB,NVIDIA,,,,,,11458.00,Single-unit list price,,1
Unknown,2017-07-01,NVIDIA Tesla V100 SXM2,NVIDIA,,,,,,11500.00,Single-unit list price,,1
https://www.tomshardware.com/tech-industry/artificial-intelligence/distributor-claims-that-nvidia-has-allegedly-stopped-taking-orders-on-hgx-h20-gpu-processors,2023-11-09,NVIDIA HGX H20,NVIDIA,,,,,,12000.00,"""Despite its lowered performance, the HGX H20 still carries a steep price tag of around $10,000 - $13,000.""",,
https://www.anandtech.com/show/16626/cerebras-unveils-wafer-scale-engine-two-wse2-26-trillion-transistors-100-yield,2021-04-20,Cerebras CS-2,Cerebras,,,,,,2000000.00,,,
https://www.nextplatform.com/2021/12/06/stacking-up-amd-mi200-versus-nvidia-a100-compute-engines/,2021-11-08,AMD Radeon Instinct MI250X,AMD,,,,,,14500.00,,,
https://www.nextplatform.com/2022/05/09/how-much-of-a-premium-will-nvidia-charge-for-hopper-gpus/,2020-07-01,NVIDIA A100 SXM4 80 GB,NVIDIA,,,,,,17500.00,Single-unit list price,,1
https://www.nextplatform.com/2022/05/09/how-much-of-a-premium-will-nvidia-charge-for-hopper-gpus/,2020-07-01,NVIDIA A100,NVIDIA,,,,,,15000.00,Single-unit list price,,1
https://web.archive.org/web/20230930051242/https://www.deltacomputer.com/d14n-m2-gh.html,2023-09-30,NVIDIA GH200,NVIDIA,,,,,,43401.00,Euro to USD https://www.oanda.com/currency-converter/en/?from=EUR&to=USD&amount=41194.18,,
https://web.archive.org/web/20250310133713/https://anafrashop.com/amd-instinct-mi300a-128gb-hbm3-100-200000001h-5,2024-02-28,AMD Instinct MI300A,AMD,,,,,,23627.98,"Under the ""price development"" section",,
https://web.archive.org/web/20250310135833/https://anafrashop.com/nvidia-gpu-baseboard-8-h200-935-24287-0040-000-4,2024-03-27,NVIDIA H200 SXM,NVIDIA,,,,,,33820.65,"8x GPU, $270,565 total, price listed under ""Price Development""",,1